[2025-07-14 14:34:31 INFO] 准备就绪
[2025-07-14 14:34:59 INFO] 选择的间隔符: \t
[2025-07-14 14:35:04 INFO] 已选择文件: C:/Users/c0l0f9l/Music/data.txt
[2025-07-14 14:35:18 INFO] 使用间隔符: \t
[2025-07-14 14:35:27 INFO] 登录中
[2025-07-14 14:35:27 INFO] analysis...
[2025-07-14 14:35:27 INFO] demo.buckets_1752224132832_cn_wc_vm
[2025-07-14 14:35:27 INFO] 认证成功，正在进行...
[2025-07-14 14:35:27 INFO] C:/Users/c0l0f9l/Music/data.txt
[2025-07-14 14:35:27 INFO] demo.buckets_1752224132832_cn_wc_vm
[2025-07-14 14:35:27 INFO] C:/Users/c0l0f9l/Music/data.txt
[2025-07-14 14:35:27 INFO] 36.0462ms
[2025-07-14 14:35:27 INFO] {"Name":"data.txt","Size":67796992,"ModTime":"2025-07-14 14:13:09","Model":"text/plain; charset=utf-8","Count":499980}
[2025-07-14 14:35:34 ERROR] {
    "TxnId": 410957756,
    "Label": "starload-c5f79dfb-5206-4d89-ad62-b65f946bb4cb",
    "Status": "Fail",
    "Message": "too many filtered rows",
    "NumberTotalRows": 499984,
    "NumberLoadedRows": 0,
    "NumberFilteredRows": 499984,
    "NumberUnselectedRows": 0,
    "LoadBytes": 67796992,
    "LoadTimeMs": 7200,
    "BeginTxnTimeMs": 7,
    "StreamLoadPlanTimeMs": 1,
    "ReadDataTimeMs": 276,
    "WriteDataTimeMs": 7191,
    "CommitAndPublishTimeMs": 0,
    "ErrorURL": "http://10.128.9.168:8040/api/_load_error_log?file=error_log_be42640059258b1f_4a1922bcc93d948a"
}
[2025-07-14 14:35:34 INFO] 耗时:7.3622316s
[2025-07-14 14:35:34 ERROR] http://sr-adhoc.cn.wal-mart.com:8030/api/demo/buckets_1752224132832_cn_wc_vm/_stream_load
[2025-07-14 14:35:34 ERROR] 导入失败
[2025-07-14 14:39:49 INFO] analysis...
[2025-07-14 14:39:49 INFO] 使用间隔符: \t
[2025-07-14 14:39:49 INFO] the account password is loaded from the cache
[2025-07-14 14:39:49 INFO] demo.buckets_1752224132832_cn_wc_vm
[2025-07-14 14:39:49 INFO] C:/Users/c0l0f9l/Music/data.txt
[2025-07-14 14:39:50 INFO] 70.3279ms
[2025-07-14 14:39:50 INFO] {"Name":"data.txt","Size":61796352,"ModTime":"2025-07-14 14:37:58","Model":"text/plain; charset=utf-8","Count":499969}
[2025-07-14 14:39:50 INFO] C:/Users/c0l0f9l/Music/data.txt
[2025-07-14 14:39:55 ERROR] http://sr-adhoc.cn.wal-mart.com:8030/api/demo/buckets_1752224132832_cn_wc_vm/_stream_load
[2025-07-14 14:39:55 INFO] 耗时:5.3567635s
[2025-07-14 14:39:55 ERROR] {
    "TxnId": 410959350,
    "Label": "starload-e6b98438-86ba-45f6-a458-c24325351c44",
    "Status": "Fail",
    "Message": "too many filtered rows",
    "NumberTotalRows": 499974,
    "NumberLoadedRows": 0,
    "NumberFilteredRows": 499974,
    "NumberUnselectedRows": 0,
    "LoadBytes": 61796352,
    "LoadTimeMs": 5247,
    "BeginTxnTimeMs": 0,
    "StreamLoadPlanTimeMs": 1,
    "ReadDataTimeMs": 24,
    "WriteDataTimeMs": 5245,
    "CommitAndPublishTimeMs": 0,
    "ErrorURL": "http://10.128.8.101:8040/api/_load_error_log?file=error_log_7c48c38b28745737_e7ab5407c2dd7ba8"
}
[2025-07-14 14:39:55 ERROR] 导入失败
[2025-07-14 14:40:51 INFO] 选择的间隔符: ,
[2025-07-14 14:40:51 INFO] 使用间隔符: ,
[2025-07-14 14:40:51 INFO] the account password is loaded from the cache
[2025-07-14 14:40:51 INFO] C:/Users/c0l0f9l/Music/data.txt
[2025-07-14 14:40:51 INFO] demo.buckets_1752224132832_cn_wc_vm
[2025-07-14 14:40:51 INFO] analysis...
[2025-07-14 14:40:52 INFO] 43.4012ms
[2025-07-14 14:40:52 INFO] {"Name":"data.txt","Size":61796352,"ModTime":"2025-07-14 14:37:58","Model":"text/plain; charset=utf-8","Count":499969}
[2025-07-14 14:40:52 INFO] C:/Users/c0l0f9l/Music/data.txt
[2025-07-14 14:40:57 ERROR] http://sr-adhoc.cn.wal-mart.com:8030/api/demo/buckets_1752224132832_cn_wc_vm/_stream_load
[2025-07-14 14:40:57 ERROR] 导入失败
[2025-07-14 14:40:57 INFO] 耗时:5.8818535s
[2025-07-14 14:40:57 ERROR] {
    "TxnId": 410959624,
    "Label": "starload-a9cafba8-f80a-4504-8b3a-4da7a5ee6359",
    "Status": "Fail",
    "Message": "too many filtered rows",
    "NumberTotalRows": 499974,
    "NumberLoadedRows": 499773,
    "NumberFilteredRows": 201,
    "NumberUnselectedRows": 0,
    "LoadBytes": 61796352,
    "LoadTimeMs": 5783,
    "BeginTxnTimeMs": 5,
    "StreamLoadPlanTimeMs": 3,
    "ReadDataTimeMs": 1147,
    "WriteDataTimeMs": 5773,
    "CommitAndPublishTimeMs": 0,
    "ErrorURL": "http://10.128.8.113:8040/api/_load_error_log?file=error_log_a845d1f7b604fc19_d476e4916462b79f"
}
[2025-07-14 14:57:03 INFO] 准备就绪
[2025-07-14 14:59:47 INFO] 准备就绪
[2025-07-14 14:59:55 INFO] 已选择文件: C:/Users/c0l0f9l/Music/data.txt
[2025-07-14 15:00:05 INFO] 选择的间隔符: ,
[2025-07-14 15:00:21 INFO] 使用容错率: 0.2
[2025-07-14 15:00:21 INFO] 使用间隔符: ,
[2025-07-14 15:00:33 INFO] 登录中
[2025-07-14 15:00:33 INFO] 认证成功，正在进行...
[2025-07-14 15:00:33 INFO] demo.buckets_1752224132832_cn_wc_vm
[2025-07-14 15:00:33 INFO] C:/Users/c0l0f9l/Music/data.txt
[2025-07-14 15:00:33 INFO] demo.buckets_1752224132832_cn_wc_vm
[2025-07-14 15:00:33 INFO] analysis...
[2025-07-14 15:00:33 INFO] 46.7878ms
[2025-07-14 15:00:33 INFO] {"Name":"data.txt","Size":61796352,"ModTime":"2025-07-14 14:37:58","Model":"text/plain; charset=utf-8","Count":499969}
[2025-07-14 15:00:33 INFO] C:/Users/c0l0f9l/Music/data.txt
[2025-07-14 15:00:40 ERROR] http://sr-adhoc.cn.wal-mart.com:8030/api/demo/buckets_1752224132832_cn_wc_vm/_stream_load
[2025-07-14 15:00:40 INFO] 耗时:6.8975799s
[2025-07-14 15:00:40 ERROR] {
    "TxnId": 410965208,
    "Label": "starload-6dc80ae4-c6f9-4f12-acc4-bc07d4b6ccab",
    "Status": "Fail",
    "Message": "too many filtered rows",
    "NumberTotalRows": 499974,
    "NumberLoadedRows": 499773,
    "NumberFilteredRows": 201,
    "NumberUnselectedRows": 0,
    "LoadBytes": 61796352,
    "LoadTimeMs": 6779,
    "BeginTxnTimeMs": 1,
    "StreamLoadPlanTimeMs": 18,
    "ReadDataTimeMs": 245,
    "WriteDataTimeMs": 6759,
    "CommitAndPublishTimeMs": 0,
    "ErrorURL": "http://10.128.8.210:8040/api/_load_error_log?file=error_log_c74ed436f41d7d3e_d85545909485ba99"
}
[2025-07-14 15:00:40 ERROR] 导入失败
[2025-07-14 15:01:00 INFO] 使用间隔符: ,
[2025-07-14 15:01:00 INFO] C:/Users/c0l0f9l/Music/data.txt
[2025-07-14 15:01:00 INFO] analysis...
[2025-07-14 15:01:00 INFO] demo.buckets_1752224132832_cn_wc_vm
[2025-07-14 15:01:00 INFO] 使用容错率: 0.5
[2025-07-14 15:01:00 INFO] the account password is loaded from the cache
[2025-07-14 15:01:00 INFO] {"Name":"data.txt","Size":61796352,"ModTime":"2025-07-14 14:37:58","Model":"text/plain; charset=utf-8","Count":499969}
[2025-07-14 15:01:00 INFO] 28.6713ms
[2025-07-14 15:01:00 INFO] C:/Users/c0l0f9l/Music/data.txt
[2025-07-14 15:01:11 ERROR] http://sr-adhoc.cn.wal-mart.com:8030/api/demo/buckets_1752224132832_cn_wc_vm/_stream_load
[2025-07-14 15:01:11 INFO] 耗时:10.116798s
[2025-07-14 15:01:11 ERROR] 导入失败
[2025-07-14 15:01:11 ERROR] {
    "TxnId": 410965373,
    "Label": "starload-a4524695-1b90-4665-8364-5c5754c75c32",
    "Status": "Fail",
    "Message": "too many filtered rows",
    "NumberTotalRows": 499974,
    "NumberLoadedRows": 499773,
    "NumberFilteredRows": 201,
    "NumberUnselectedRows": 0,
    "LoadBytes": 61796352,
    "LoadTimeMs": 9992,
    "BeginTxnTimeMs": 0,
    "StreamLoadPlanTimeMs": 1,
    "ReadDataTimeMs": 2862,
    "WriteDataTimeMs": 9986,
    "CommitAndPublishTimeMs": 0,
    "ErrorURL": "http://10.128.8.57:8040/api/_load_error_log?file=error_log_d146f2bcd8283969_5ed56f0584bcf29e"
}
[2025-07-14 15:03:52 INFO] 准备就绪
[2025-07-14 15:04:00 INFO] 选择的间隔符: ,
[2025-07-14 15:04:08 INFO] 已选择文件: C:/Users/c0l0f9l/Music/data.txt
[2025-07-14 15:04:09 INFO] 使用容错率: 0.5
[2025-07-14 15:04:09 INFO] 使用间隔符: ,
[2025-07-14 15:04:16 INFO] 登录中
[2025-07-14 15:04:16 INFO] demo.buckets_1752224132832_cn_wc_vm
[2025-07-14 15:04:16 INFO] analysis...
[2025-07-14 15:04:16 INFO] C:/Users/c0l0f9l/Music/data.txt
[2025-07-14 15:04:16 INFO] demo.buckets_1752224132832_cn_wc_vm
[2025-07-14 15:04:16 INFO] 认证成功，正在进行...
[2025-07-14 15:04:16 INFO] {"Name":"data.txt","Size":61796352,"ModTime":"2025-07-14 14:37:58","Model":"text/plain; charset=utf-8","Count":499969}
[2025-07-14 15:04:16 INFO] C:/Users/c0l0f9l/Music/data.txt
[2025-07-14 15:04:16 INFO] 34.9684ms
[2025-07-14 15:04:22 INFO] http://sr-adhoc.cn.wal-mart.com:8030/api/demo/buckets_1752224132832_cn_wc_vm/_stream_load
[2025-07-14 15:04:22 INFO] 导入成功
[2025-07-14 15:04:22 INFO] 耗时:6.2929045s
[2025-07-14 15:04:22 INFO] {
    "TxnId": 410966896,
    "Label": "starload-1d51ee7d-1fe6-43b6-a5ed-c0b83518c499",
    "Status": "Success",
    "Message": "OK",
    "NumberTotalRows": 499974,
    "NumberLoadedRows": 499773,
    "NumberFilteredRows": 201,
    "NumberUnselectedRows": 0,
    "LoadBytes": 61796352,
    "LoadTimeMs": 6183,
    "BeginTxnTimeMs": 0,
    "StreamLoadPlanTimeMs": 1,
    "ReadDataTimeMs": 284,
    "WriteDataTimeMs": 6132,
    "CommitAndPublishTimeMs": 48,
    "ErrorURL": "http://10.128.8.77:8040/api/_load_error_log?file=error_log_3145f412e760b4f9_9d9fa184193b85b9"
}
[2025-07-14 15:29:44 INFO] 准备就绪
[2025-07-14 15:31:59 INFO] 已选择文件: C:/Users/c0l0f9l/Music/data.txt
[2025-07-14 15:32:01 INFO] 使用间隔符: ,
[2025-07-14 15:32:01 INFO] 使用容错率: 0
[2025-07-14 15:32:10 INFO] 登录中
[2025-07-14 15:32:12 ERROR] Error 1045 (28000): Access denied for user 'cndlopsns' (using password: YES)
[2025-07-14 15:32:12 ERROR] 认证失败：账号或密码错误
[2025-07-14 15:32:13 INFO] 使用容错率: 0
[2025-07-14 15:32:13 INFO] 使用间隔符: ,
[2025-07-14 15:32:26 INFO] 登录中
[2025-07-14 15:32:26 INFO] C:/Users/c0l0f9l/Music/data.txt
[2025-07-14 15:32:26 INFO] 43.897ms
[2025-07-14 15:32:26 INFO] 认证成功，正在进行...
[2025-07-14 15:32:26 INFO] {"Name":"data.txt","Size":61771776,"ModTime":"2025-07-14 15:13:35","Model":"text/plain; charset=utf-8","Count":499774}
[2025-07-14 15:32:26 INFO] analysis...
[2025-07-14 15:32:26 INFO] C:/Users/c0l0f9l/Music/data.txt
[2025-07-14 15:32:26 INFO] demo.buckets_1752224132832_cn_wc_vm
[2025-07-14 15:32:26 INFO] demo.buckets_1752224132832_cn_wc_vm
[2025-07-14 15:32:32 ERROR] 导入失败
[2025-07-14 15:32:32 ERROR] http://sr-adhoc.cn.wal-mart.com:8030/api/demo/buckets_1752224132832_cn_wc_vm/_stream_load
[2025-07-14 15:32:32 INFO] 耗时:6.2510529s
[2025-07-14 15:32:32 ERROR] {
    "TxnId": 410979437,
    "Label": "starload-7baaea25-eb3c-4877-a1af-74f90be8fb47",
    "Status": "Fail",
    "Message": "too many filtered rows",
    "NumberTotalRows": 499779,
    "NumberLoadedRows": 499778,
    "NumberFilteredRows": 1,
    "NumberUnselectedRows": 0,
    "LoadBytes": 61771776,
    "LoadTimeMs": 6131,
    "BeginTxnTimeMs": 0,
    "StreamLoadPlanTimeMs": 96,
    "ReadDataTimeMs": 1096,
    "WriteDataTimeMs": 6034,
    "CommitAndPublishTimeMs": 0,
    "ErrorURL": "http://10.128.8.129:8040/api/_load_error_log?file=error_log_b548050a14a7fab4_351dd3ef89f18bbb"
}
[2025-07-14 15:35:38 INFO] 选择的间隔符: \t
[2025-07-14 15:35:39 INFO] 选择的间隔符: ,
[2025-07-14 15:44:18 INFO] 准备就绪
[2025-07-14 15:44:34 INFO] 已选择文件: C:/Users/c0l0f9l/Music/data.txt
[2025-07-14 15:44:35 INFO] 使用容错率: 0
[2025-07-14 15:44:35 INFO] 使用间隔符: ,
[2025-07-14 15:44:42 INFO] 登录中
[2025-07-14 15:44:42 INFO] 认证成功，正在进行...
[2025-07-14 15:44:42 INFO] C:/Users/c0l0f9l/Music/data.txt
[2025-07-14 15:44:42 INFO] demo.buckets_1752224132832_cn_wc_vm
[2025-07-14 15:44:42 INFO] analysis...
[2025-07-14 15:44:42 INFO] loading...
[2025-07-14 15:44:42 INFO] demo.buckets_1752224132832_cn_wc_vm
[2025-07-14 15:44:42 INFO] C:/Users/c0l0f9l/Music/data.txt
[2025-07-14 15:44:42 INFO] {"Name":"data.txt","Size":61771736,"ModTime":"2025-07-14 15:34:45","Model":"text/plain; charset=utf-8","Count":499774}
[2025-07-14 15:44:42 INFO] 38.7746ms
[2025-07-14 15:47:59 INFO] 准备就绪
[2025-07-14 15:48:02 INFO] 已选择文件: C:/Users/c0l0f9l/Music/data.txt
[2025-07-14 15:48:16 INFO] 使用间隔符: ,
[2025-07-14 15:48:16 INFO] 使用容错率: 0
[2025-07-14 15:48:24 INFO] 登录中
[2025-07-14 15:48:24 INFO] 认证成功，正在进行...
[2025-07-14 15:48:24 INFO] C:/Users/c0l0f9l/Music/data.txt
[2025-07-14 15:48:24 INFO] analysis...
[2025-07-14 15:48:24 INFO] loading...
[2025-07-14 15:48:24 INFO] demo.buckets_1752224132832_cn_wc_vm
[2025-07-14 15:48:24 INFO] demo.buckets_1752224132832_cn_wc_vm
[2025-07-14 15:48:24 INFO] {"Name":"data.txt","Size":61771736,"ModTime":"2025-07-14 15:34:45","Model":"text/plain; charset=utf-8","Count":499774}
[2025-07-14 15:48:24 INFO] C:/Users/c0l0f9l/Music/data.txt
[2025-07-14 15:48:24 INFO] 46.5551ms
[2025-07-14 15:48:30 INFO] 导入成功
[2025-07-14 15:48:30 INFO] {
    "TxnId": 410984397,
    "Label": "starload-f6b306b0-2e4b-41a5-a496-369dba8cbee5",
    "Status": "Success",
    "Message": "OK",
    "NumberTotalRows": 499778,
    "NumberLoadedRows": 499778,
    "NumberFilteredRows": 0,
    "NumberUnselectedRows": 0,
    "LoadBytes": 61771736,
    "LoadTimeMs": 5452,
    "BeginTxnTimeMs": 0,
    "StreamLoadPlanTimeMs": 0,
    "ReadDataTimeMs": 335,
    "WriteDataTimeMs": 5351,
    "CommitAndPublishTimeMs": 95
}
[2025-07-14 15:48:30 INFO] http://sr-adhoc.cn.wal-mart.com:8030/api/demo/buckets_1752224132832_cn_wc_vm/_stream_load
[2025-07-14 15:48:30 INFO] 耗时:5.5612335s
[2025-07-14 15:49:39 INFO] 准备就绪
[2025-07-14 15:50:00 INFO] 已选择文件: C:/Users/c0l0f9l/Music/data.txt
[2025-07-14 15:51:13 INFO] 使用容错率: 0
[2025-07-14 15:51:13 INFO] 使用间隔符: ,
[2025-07-14 15:51:20 INFO] 登录中
[2025-07-14 15:51:20 INFO] 认证成功，正在进行...
[2025-07-14 15:51:20 INFO] loading...
[2025-07-14 15:51:20 INFO] demo.buckets_1752224132832_cn_wc_vm
[2025-07-14 15:51:20 INFO] C:/Users/c0l0f9l/Music/data.txt
[2025-07-14 15:51:20 INFO] demo.buckets_1752224132832_cn_wc_vm
[2025-07-14 15:51:20 INFO] analysis...
[2025-07-14 15:51:20 INFO] {"Name":"data.txt","Size":61771736,"ModTime":"2025-07-14 15:34:45","Model":"text/plain; charset=utf-8","Count":499774}
[2025-07-14 15:51:20 INFO] C:/Users/c0l0f9l/Music/data.txt
[2025-07-14 15:51:20 INFO] 48.728ms
[2025-07-14 15:51:21 INFO] loading...
[2025-07-14 15:51:22 INFO] loading...
[2025-07-14 15:51:23 INFO] loading...
[2025-07-14 15:51:24 INFO] loading...
[2025-07-14 15:51:25 INFO] loading...
[2025-07-14 15:51:26 INFO] loading...
[2025-07-14 15:51:26 INFO] {
    "TxnId": 410985358,
    "Label": "starload-5a5038c5-30de-4ba3-853d-2713e74373e6",
    "Status": "Success",
    "Message": "OK",
    "NumberTotalRows": 499778,
    "NumberLoadedRows": 499778,
    "NumberFilteredRows": 0,
    "NumberUnselectedRows": 0,
    "LoadBytes": 61771736,
    "LoadTimeMs": 5885,
    "BeginTxnTimeMs": 0,
    "StreamLoadPlanTimeMs": 1,
    "ReadDataTimeMs": 781,
    "WriteDataTimeMs": 5845,
    "CommitAndPublishTimeMs": 38
}
[2025-07-14 15:51:26 INFO] http://sr-adhoc.cn.wal-mart.com:8030/api/demo/buckets_1752224132832_cn_wc_vm/_stream_load
[2025-07-14 15:51:26 INFO] 导入成功
[2025-07-14 15:51:26 INFO] 耗时:5.9995761s
[2025-07-14 16:08:35 INFO] 准备就绪
[2025-07-14 16:08:53 INFO] datafile: C:/Users/c0l0f9l/Music/data.txt
[2025-07-14 16:08:56 INFO] max filter ratio: 0
[2025-07-14 16:08:56 INFO] spacers: ,
[2025-07-14 16:09:08 INFO] login...
[2025-07-14 16:09:08 INFO] on going...
[2025-07-14 16:09:08 INFO] demo.buckets_1752224132832_cn_wc_vm
[2025-07-14 16:09:08 INFO] loading...
[2025-07-14 16:09:08 INFO] C:/Users/c0l0f9l/Music/data.txt
[2025-07-14 16:09:08 INFO] demo.buckets_1752224132832_cn_wc_vm
[2025-07-14 16:09:08 INFO] analysis...
[2025-07-14 16:09:08 INFO] 47.4066ms
[2025-07-14 16:09:08 INFO] {"Name":"data.txt","Size":61771736,"ModTime":"2025-07-14 15:34:45","Model":"text/plain; charset=utf-8","Count":499774}
[2025-07-14 16:09:08 INFO] C:/Users/c0l0f9l/Music/data.txt
[2025-07-14 16:09:09 INFO] loading...
[2025-07-14 16:09:10 INFO] loading...
[2025-07-14 16:09:11 INFO] loading...
[2025-07-14 16:09:12 INFO] loading...
[2025-07-14 16:09:13 INFO] loading...
[2025-07-14 16:09:14 INFO] loading...
[2025-07-14 16:09:15 INFO] http://sr-adhoc.cn.wal-mart.com:8030/api/demo/buckets_1752224132832_cn_wc_vm/_stream_load
[2025-07-14 16:09:15 INFO] 耗时:6.3568277s
[2025-07-14 16:09:15 INFO] {
    "TxnId": 410992031,
    "Label": "starload-db060e72-490f-40cd-ab29-ebcd7da498aa",
    "Status": "Success",
    "Message": "OK",
    "NumberTotalRows": 499778,
    "NumberLoadedRows": 499778,
    "NumberFilteredRows": 0,
    "NumberUnselectedRows": 0,
    "LoadBytes": 61771736,
    "LoadTimeMs": 6245,
    "BeginTxnTimeMs": 0,
    "StreamLoadPlanTimeMs": 1,
    "ReadDataTimeMs": 84,
    "WriteDataTimeMs": 6222,
    "CommitAndPublishTimeMs": 20
}
[2025-07-14 16:09:15 INFO] 导入成功
[2025-07-14 16:09:15 INFO] finished.
[2025-07-14 16:17:06 INFO] 准备就绪
[2025-07-14 16:20:46 INFO] ready.
[2025-07-14 16:22:21 INFO] ready.
[2025-07-14 16:22:56 INFO] datafile: C:/Users/c0l0f9l/Music/data.txt
[2025-07-14 16:23:00 INFO] max filter ratio: 0
[2025-07-14 16:23:00 INFO] spacers: ,
[2025-07-14 16:23:12 INFO] cancels the login
[2025-07-14 16:23:17 INFO] spacers: ,
[2025-07-14 16:23:17 INFO] max filter ratio: 0
[2025-07-14 16:23:28 INFO] login...
[2025-07-14 16:23:28 INFO] demo.buckets_1752224132832_cn_wc_vm
[2025-07-14 16:23:28 INFO] on going...
[2025-07-14 16:23:28 INFO] analysis...
[2025-07-14 16:23:28 INFO] loading...
[2025-07-14 16:23:28 INFO] C:/Users/c0l0f9l/Music/data.txt
[2025-07-14 16:23:28 INFO] demo.buckets_1752224132832_cn_wc_vm
[2025-07-14 16:23:28 INFO] C:/Users/c0l0f9l/Music/data.txt
[2025-07-14 16:23:28 INFO] {"Name":"data.txt","Size":61771736,"ModTime":"2025-07-14 15:34:45","Model":"text/plain; charset=utf-8","Count":499774}
[2025-07-14 16:23:28 INFO] 44.2494ms
[2025-07-14 16:23:29 INFO] loading...
[2025-07-14 16:23:30 INFO] loading...
[2025-07-14 16:23:31 INFO] loading...
[2025-07-14 16:23:32 INFO] loading...
[2025-07-14 16:23:33 INFO] loading...
[2025-07-14 16:23:34 INFO] http://sr-adhoc.cn.wal-mart.com:8030/api/demo/buckets_1752224132832_cn_wc_vm/_stream_load
[2025-07-14 16:23:34 INFO] Total Time:5.8337289s
[2025-07-14 16:23:34 INFO] {
    "TxnId": 410994259,
    "Label": "starload-4dbd3d64-307b-49f7-a4d3-086bd8246ceb",
    "Status": "Success",
    "Message": "OK",
    "NumberTotalRows": 499778,
    "NumberLoadedRows": 499778,
    "NumberFilteredRows": 0,
    "NumberUnselectedRows": 0,
    "LoadBytes": 61771736,
    "LoadTimeMs": 5717,
    "BeginTxnTimeMs": 0,
    "StreamLoadPlanTimeMs": 1,
    "ReadDataTimeMs": 255,
    "WriteDataTimeMs": 5683,
    "CommitAndPublishTimeMs": 32
}
[2025-07-14 16:23:34 INFO] load Success.
[2025-07-14 16:23:34 INFO] finished.
[2025-07-14 16:23:39 INFO] spacers: ,
[2025-07-14 16:23:39 INFO] loading...
[2025-07-14 16:23:39 INFO] max filter ratio: 0
[2025-07-14 16:23:39 INFO] analysis...
[2025-07-14 16:23:39 INFO] C:/Users/c0l0f9l/Music/data.txt
[2025-07-14 16:23:39 INFO] the account password is loaded from the cache
[2025-07-14 16:23:39 INFO] demo.buckets_1752224132832_cn_wc_vm
[2025-07-14 16:23:39 INFO] {"Name":"data.txt","Size":61771736,"ModTime":"2025-07-14 15:34:45","Model":"text/plain; charset=utf-8","Count":499774}
[2025-07-14 16:23:39 INFO] 31.3855ms
[2025-07-14 16:23:39 INFO] C:/Users/c0l0f9l/Music/data.txt
[2025-07-14 16:23:40 INFO] loading...
[2025-07-14 16:23:41 INFO] loading...
[2025-07-14 16:23:42 INFO] loading...
[2025-07-14 16:23:43 INFO] loading...
[2025-07-14 16:23:44 INFO] loading...
[2025-07-14 16:23:45 INFO] loading...
[2025-07-14 16:23:46 INFO] loading...
[2025-07-14 16:23:47 INFO] loading...
[2025-07-14 16:23:48 INFO] load Success.
[2025-07-14 16:23:48 INFO] Total Time:8.5689074s
[2025-07-14 16:23:48 INFO] http://sr-adhoc.cn.wal-mart.com:8030/api/demo/buckets_1752224132832_cn_wc_vm/_stream_load
[2025-07-14 16:23:48 INFO] {
    "TxnId": 410994319,
    "Label": "starload-1ce57ca6-7e91-401e-8212-6647f70ec3c0",
    "Status": "Success",
    "Message": "OK",
    "NumberTotalRows": 499778,
    "NumberLoadedRows": 499778,
    "NumberFilteredRows": 0,
    "NumberUnselectedRows": 0,
    "LoadBytes": 61771736,
    "LoadTimeMs": 8469,
    "BeginTxnTimeMs": 0,
    "StreamLoadPlanTimeMs": 1,
    "ReadDataTimeMs": 2143,
    "WriteDataTimeMs": 8447,
    "CommitAndPublishTimeMs": 20
}
[2025-07-14 16:23:48 INFO] finished.
[2025-07-14 16:46:14 INFO] ready.
[2025-07-14 16:55:07 INFO] ready.
[2025-07-14 16:55:21 INFO] Selected table: demo.buckets_1752224132832_cn_wc_vm
[2025-07-14 16:59:40 INFO] ready.
[2025-07-14 16:59:54 INFO] Selected table: demo.buckets_1752224132832_cn_wc_vm
[2025-07-14 17:00:03 INFO] Selected table: demo.buckets_1752224132832_cn_wc_vm
[2025-07-14 17:00:14 INFO] Selected table: demo.buckets_1752224132832_cn_wc_vm
[2025-07-14 17:01:35 INFO] Selected table: temp.table_4
[2025-07-14 17:07:51 INFO] ready.
[2025-07-14 17:08:05 INFO] Selected table: temp.table_4
[2025-07-14 17:10:26 INFO] ready.
[2025-07-14 17:14:21 INFO] ready.
[2025-07-14 17:14:26 INFO] Selected table: demo.buckets_1752224132832_cn_wc_vm
[2025-07-14 17:14:37 INFO] Selected table: temp.table_4
[2025-07-14 17:15:18 INFO] ready.
[2025-07-14 17:18:33 INFO] ready.
[2025-07-14 17:21:21 INFO] ready.
[2025-07-14 17:30:10 INFO] ready.
[2025-07-14 17:38:16 INFO] ready.
[2025-07-14 17:38:23 INFO] datafile: C:/Users/c0l0f9l/Music/data.txt
[2025-07-14 17:38:24 INFO] spacers: ,
[2025-07-14 17:38:24 INFO] max filter ratio: 0
[2025-07-14 17:38:33 INFO] login...
[2025-07-14 17:38:35 ERROR] Error 1045 (28000): Access denied for user 'cndlopsns' (using password: YES)
[2025-07-14 17:38:35 ERROR] authentication failed: The account or password is incorrect
[2025-07-14 17:38:37 INFO] spacers: ,
[2025-07-14 17:38:37 INFO] max filter ratio: 0
[2025-07-14 17:38:46 INFO] login...
[2025-07-14 17:38:46 INFO] 832_cn_wc_vm
[2025-07-14 17:38:46 INFO] loading...
[2025-07-14 17:38:46 INFO] C:/Users/c0l0f9l/Music/data.txt
[2025-07-14 17:38:46 INFO] analysis...
[2025-07-14 17:38:46 INFO] C:/Users/c0l0f9l/Music/data.txt
[2025-07-14 17:38:46 INFO] {"Name":"data.txt","Size":61771736,"ModTime":"2025-07-14 15:34:45","Model":"text/plain; charset=utf-8","Count":499774}
[2025-07-14 17:38:46 INFO] on going...
[2025-07-14 17:38:46 INFO] 832_cn_wc_vm
[2025-07-14 17:38:46 INFO] Total Time:0s
[2025-07-14 17:38:46 INFO] 48.3362ms
[2025-07-14 17:40:37 INFO] ready.
[2025-07-14 17:40:42 INFO] datafile: C:/Users/c0l0f9l/Music/data.txt
[2025-07-14 17:40:43 INFO] spacers: ,
[2025-07-14 17:40:43 INFO] max filter ratio: 0
[2025-07-14 17:40:56 INFO] login...
[2025-07-14 17:40:56 INFO] on going...
[2025-07-14 17:40:56 INFO] analysis...
[2025-07-14 17:40:56 INFO] C:/Users/c0l0f9l/Music/data.txt
[2025-07-14 17:40:56 INFO] demo.buckets_1752224132832_cn_wc_vm
[2025-07-14 17:40:56 INFO] demo.buckets_1752224132832_cn_wc_vm
[2025-07-14 17:40:56 INFO] loading...
[2025-07-14 17:40:56 INFO] {"Name":"data.txt","Size":61771736,"ModTime":"2025-07-14 15:34:45","Model":"text/plain; charset=utf-8","Count":499774}
[2025-07-14 17:40:56 INFO] C:/Users/c0l0f9l/Music/data.txt
[2025-07-14 17:40:56 INFO] 36.0321ms
[2025-07-14 17:40:57 INFO] loading...
[2025-07-14 17:40:58 INFO] loading...
[2025-07-14 17:40:59 INFO] loading...
[2025-07-14 17:41:00 INFO] loading...
[2025-07-14 17:41:01 INFO] loading...
[2025-07-14 17:41:02 INFO] loading...
[2025-07-14 17:41:03 INFO] loading...
[2025-07-14 17:41:04 INFO] loading...
[2025-07-14 17:41:05 INFO] loading...
[2025-07-14 17:41:06 INFO] loading...
[2025-07-14 17:41:07 INFO] loading...
[2025-07-14 17:41:08 INFO] loading...
[2025-07-14 17:41:09 INFO] loading...
[2025-07-14 17:41:10 INFO] loading...
[2025-07-14 17:41:11 INFO] loading...
[2025-07-14 17:41:12 INFO] loading...
[2025-07-14 17:41:12 INFO] {
    "TxnId": 411019602,
    "Label": "starload-c8e09363-2bfe-4eed-9eeb-4b1cc03b50b6",
    "Status": "Success",
    "Message": "OK",
    "NumberTotalRows": 499778,
    "NumberLoadedRows": 499778,
    "NumberFilteredRows": 0,
    "NumberUnselectedRows": 0,
    "LoadBytes": 61771736,
    "LoadTimeMs": 16406,
    "BeginTxnTimeMs": 0,
    "StreamLoadPlanTimeMs": 1,
    "ReadDataTimeMs": 213,
    "WriteDataTimeMs": 16297,
    "CommitAndPublishTimeMs": 107
}
[2025-07-14 17:41:12 INFO] load Success.
[2025-07-14 17:41:12 INFO] Total Time:16.5162388s
[2025-07-14 17:41:12 INFO] http://sr-adhoc.cn.wal-mart.com:8030/api/demo/buckets_1752224132832_cn_wc_vm/_stream_load
[2025-07-14 17:41:13 INFO] finished.
[2025-07-14 17:55:22 INFO] ready.
[2025-07-14 17:59:26 INFO] ready.
[2025-07-14 18:02:15 INFO] ready.
[2025-07-14 18:09:03 INFO] ready.
[2025-07-14 18:13:00 INFO] ready.
[2025-07-14 18:14:41 INFO] ready.
[2025-07-14 18:14:49 INFO] datafile: C:/Users/c0l0f9l/Music/data.txt
[2025-07-14 18:14:58 INFO] cancel...
[2025-07-14 18:26:15 INFO] ready.
[2025-07-14 18:29:39 INFO] ready.
[2025-07-14 18:32:53 INFO] ready.
[2025-07-14 18:35:24 INFO] load spacers: \t
[2025-07-14 18:35:24 INFO] load spacers: ^
[2025-07-14 18:35:25 INFO] load spacers: ;
[2025-07-14 18:35:26 INFO] load spacers: ,
[2025-07-14 18:35:39 INFO] datafile: C:/Users/c0l0f9l/Music/data.txt
[2025-07-14 18:35:41 INFO] load spacers: 
[2025-07-14 18:35:43 INFO] load spacers: ;
[2025-07-14 18:35:44 INFO] spacers: ;
[2025-07-14 18:35:44 INFO] max filter ratio: 0.1
[2025-07-14 18:36:30 INFO] login...
[2025-07-14 18:36:30 INFO] on going...
[2025-07-14 18:36:30 INFO] demo.buckets_1752224132832_cn_wc_vm
[2025-07-14 18:36:30 INFO] loading...
[2025-07-14 18:36:30 INFO] C:/Users/c0l0f9l/Music/data.txt
[2025-07-14 18:36:30 INFO] demo.buckets_1752224132832_cn_wc_vm
[2025-07-14 18:36:30 INFO] analysis...
[2025-07-14 18:36:30 INFO] {"Name":"data.txt","Size":61771736,"ModTime":"2025-07-14 15:34:45","Model":"text/plain; charset=utf-8","Count":499774}
[2025-07-14 18:36:30 INFO] 36.2654ms
[2025-07-14 18:36:30 INFO] C:/Users/c0l0f9l/Music/data.txt
[2025-07-14 18:36:31 INFO] loading...
[2025-07-14 18:36:32 INFO] loading...
[2025-07-14 18:36:33 INFO] loading...
[2025-07-14 18:36:34 INFO] loading...
[2025-07-14 18:36:35 INFO] loading...
[2025-07-14 18:36:36 INFO] loading...
[2025-07-14 18:36:37 INFO] loading...
[2025-07-14 18:36:38 INFO] loading...
[2025-07-14 18:36:39 INFO] loading...
[2025-07-14 18:36:40 INFO] loading...
[2025-07-14 18:36:41 INFO] loading...
[2025-07-14 18:36:42 INFO] loading...
[2025-07-14 18:36:43 INFO] loading...
[2025-07-14 18:36:44 INFO] loading...
[2025-07-14 18:36:45 INFO] loading...
[2025-07-14 18:36:46 INFO] loading...
[2025-07-14 18:36:46 ERROR] http://sr-adhoc.cn.wal-mart.com:8030/api/demo/buckets_1752224132832_cn_wc_vm/_stream_load
[2025-07-14 18:36:46 ERROR] {
    "TxnId": 411077022,
    "Label": "starload-28be2803-bee7-43ff-ad02-3dbcf5df2da5",
    "Status": "Fail",
    "Message": "too many filtered rows",
    "NumberTotalRows": 499778,
    "NumberLoadedRows": 0,
    "NumberFilteredRows": 499778,
    "NumberUnselectedRows": 0,
    "LoadBytes": 61771736,
    "LoadTimeMs": 16093,
    "BeginTxnTimeMs": 0,
    "StreamLoadPlanTimeMs": 1,
    "ReadDataTimeMs": 142,
    "WriteDataTimeMs": 16091,
    "CommitAndPublishTimeMs": 0,
    "ErrorURL": "http://10.128.8.57:8040/api/_load_error_log?file=error_log_5e45a43bec5f59c9_474811194c3356ba"
}
[2025-07-14 18:36:46 INFO] Total Time:16.2169259s
[2025-07-14 18:36:46 ERROR] load Failed.
[2025-07-14 18:36:47 INFO] finished.
[2025-07-14 18:38:29 INFO] ready.
[2025-07-14 18:38:32 INFO] load spacers: ;
[2025-07-14 18:38:37 INFO] datafile: C:/Users/c0l0f9l/Music/data.txt
[2025-07-14 18:38:38 INFO] spacers: ;
[2025-07-14 18:38:38 INFO] max filter ratio: 0
[2025-07-14 18:38:45 INFO] login...
[2025-07-14 18:38:45 INFO] on going...
[2025-07-14 18:38:45 INFO] demo.buckets_1752224132832_cn_wc_vm
[2025-07-14 18:38:45 INFO] analysis...
[2025-07-14 18:38:45 INFO] demo.buckets_1752224132832_cn_wc_vm
[2025-07-14 18:38:45 INFO] loading...
[2025-07-14 18:38:45 INFO] C:/Users/c0l0f9l/Music/data.txt
[2025-07-14 18:38:45 INFO] 35.2429ms
[2025-07-14 18:38:45 INFO] {"Name":"data.txt","Size":61771736,"ModTime":"2025-07-14 15:34:45","Model":"text/plain; charset=utf-8","Count":499774}
[2025-07-14 18:38:45 INFO] C:/Users/c0l0f9l/Music/data.txt
[2025-07-14 18:38:46 INFO] loading...
[2025-07-14 18:38:47 INFO] loading...
[2025-07-14 18:38:48 INFO] loading...
[2025-07-14 18:38:49 INFO] loading...
[2025-07-14 18:38:50 INFO] loading...
[2025-07-14 18:38:51 INFO] loading...
[2025-07-14 18:38:52 INFO] loading...
[2025-07-14 18:38:53 INFO] loading...
[2025-07-14 18:38:54 INFO] loading...
[2025-07-14 18:38:55 INFO] loading...
[2025-07-14 18:38:56 INFO] loading...
[2025-07-14 18:38:57 ERROR] http://sr-adhoc.cn.wal-mart.com:8030/api/demo/buckets_1752224132832_cn_wc_vm/_stream_load
[2025-07-14 18:38:57 ERROR] 导入失败.
[2025-07-14 18:38:57 INFO] Total Time:11.6824682s
[2025-07-14 18:38:57 ERROR] {
    "TxnId": 411077620,
    "Label": "starload-c673625c-2143-4ab8-afa3-88959a3f48d9",
    "Status": "Fail",
    "Message": "too many filtered rows",
    "NumberTotalRows": 499778,
    "NumberLoadedRows": 0,
    "NumberFilteredRows": 499778,
    "NumberUnselectedRows": 0,
    "LoadBytes": 61771736,
    "LoadTimeMs": 11540,
    "BeginTxnTimeMs": 0,
    "StreamLoadPlanTimeMs": 0,
    "ReadDataTimeMs": 37,
    "WriteDataTimeMs": 11539,
    "CommitAndPublishTimeMs": 0,
    "ErrorURL": "http://10.128.8.113:8040/api/_load_error_log?file=error_log_684efadf2854eeb9_87c593ad7e99809d"
}
[2025-07-14 18:38:57 INFO] finished.
[2025-07-14 18:39:03 INFO] load spacers: ,
[2025-07-14 18:39:07 INFO] spacers: ,
[2025-07-14 18:39:07 INFO] loading...
[2025-07-14 18:39:07 INFO] analysis...
[2025-07-14 18:39:07 INFO] demo.buckets_1752224132832_cn_wc_vm
[2025-07-14 18:39:07 INFO] the account password is loaded from the cache
[2025-07-14 18:39:07 INFO] C:/Users/c0l0f9l/Music/data.txt
[2025-07-14 18:39:07 INFO] max filter ratio: 0
[2025-07-14 18:39:07 INFO] C:/Users/c0l0f9l/Music/data.txt
[2025-07-14 18:39:07 INFO] {"Name":"data.txt","Size":61771736,"ModTime":"2025-07-14 15:34:45","Model":"text/plain; charset=utf-8","Count":499774}
[2025-07-14 18:39:07 INFO] 65.6655ms
[2025-07-14 18:39:08 INFO] loading...
[2025-07-14 18:39:09 INFO] loading...
[2025-07-14 18:39:10 INFO] loading...
[2025-07-14 18:39:11 INFO] loading...
[2025-07-14 18:39:12 INFO] loading...
[2025-07-14 18:39:13 INFO] loading...
[2025-07-14 18:39:14 INFO] loading...
[2025-07-14 18:39:15 INFO] loading...
[2025-07-14 18:39:16 INFO] loading...
[2025-07-14 18:39:17 INFO] loading...
[2025-07-14 18:39:18 INFO] loading...
[2025-07-14 18:39:19 INFO] loading...
[2025-07-14 18:39:20 INFO] loading...
[2025-07-14 18:39:21 INFO] loading...
[2025-07-14 18:39:22 INFO] loading...
[2025-07-14 18:39:23 INFO] loading...
[2025-07-14 18:39:24 INFO] loading...
[2025-07-14 18:39:25 INFO] loading...
[2025-07-14 18:39:26 INFO] loading...
[2025-07-14 18:39:27 INFO] loading...
[2025-07-14 18:39:28 INFO] loading...
[2025-07-14 18:39:29 INFO] loading...
[2025-07-14 18:39:30 INFO] loading...
[2025-07-14 18:39:31 INFO] loading...
[2025-07-14 18:39:32 INFO] loading...
[2025-07-14 18:39:33 INFO] loading...
[2025-07-14 18:39:34 INFO] loading...
[2025-07-14 18:39:35 INFO] loading...
[2025-07-14 18:39:35 INFO] http://sr-adhoc.cn.wal-mart.com:8030/api/demo/buckets_1752224132832_cn_wc_vm/_stream_load
[2025-07-14 18:39:35 INFO] 导入成功.
[2025-07-14 18:39:35 INFO] {
    "TxnId": 411077644,
    "Label": "starload-d6c84795-f9c2-47f2-9a61-7cd72fcad0bf",
    "Status": "Success",
    "Message": "OK",
    "NumberTotalRows": 499778,
    "NumberLoadedRows": 499778,
    "NumberFilteredRows": 0,
    "NumberUnselectedRows": 0,
    "LoadBytes": 61771736,
    "LoadTimeMs": 28100,
    "BeginTxnTimeMs": 0,
    "StreamLoadPlanTimeMs": 1,
    "ReadDataTimeMs": 297,
    "WriteDataTimeMs": 27861,
    "CommitAndPublishTimeMs": 237
}
[2025-07-14 18:39:35 INFO] Total Time:28.2230003s
[2025-07-14 18:39:36 INFO] finished.
[2025-07-14 18:40:03 INFO] cancel...
[2025-07-14 18:40:04 WARN] please select a datafile
[2025-07-14 18:40:04 WARN] please select a datafile
[2025-07-14 18:40:05 WARN] please select a datafile
[2025-07-14 18:40:05 WARN] please select a datafile
[2025-07-14 18:40:05 WARN] please select a datafile
[2025-07-14 18:40:05 WARN] please select a datafile
[2025-07-14 18:40:07 WARN] please select a datafile
[2025-07-14 18:40:07 WARN] please select a datafile
[2025-07-14 18:40:08 WARN] please select a datafile
[2025-07-14 18:40:08 WARN] please select a datafile
[2025-07-14 18:40:08 WARN] please select a datafile
[2025-07-14 18:42:02 INFO] ready.
[2025-07-14 18:42:07 INFO] load spacers: ,
[2025-07-14 18:42:08 INFO] load spacers: \t
[2025-07-14 18:42:08 INFO] load spacers: ^
[2025-07-14 18:42:09 INFO] load spacers: ;
[2025-07-14 18:42:09 INFO] load spacers: 
[2025-07-14 18:42:10 INFO] load spacers: ,
[2025-07-14 18:42:11 INFO] load spacers: 
[2025-07-14 18:43:19 INFO] ready.
[2025-07-14 18:43:22 INFO] load spacers: ,
[2025-07-14 18:45:44 INFO] ready.
[2025-07-14 18:46:56 INFO] ready.
[2025-07-14 18:47:09 INFO] datafile: C:/Users/c0l0f9l/Music/data.txt
[2025-07-14 18:47:11 INFO] load spacers: ,
[2025-07-14 18:47:15 INFO] max filter ratio: 0
[2025-07-14 18:47:15 INFO] spacers: ,
[2025-07-14 18:47:34 INFO] login...
[2025-07-14 18:47:34 INFO] on going...
[2025-07-14 18:47:34 INFO] C:/Users/c0l0f9l/Music/data.txt
[2025-07-14 18:47:34 INFO] demo.buckets_1752224132832_cn_wc_vm
[2025-07-14 18:47:34 INFO] analysis...
[2025-07-14 18:47:34 INFO] demo.buckets_1752224132832_cn_wc_vm
[2025-07-14 18:47:34 INFO] loading...
[2025-07-14 18:47:34 INFO] 56.378ms
[2025-07-14 18:47:34 INFO] {"Name":"data.txt","Size":61771736,"ModTime":"2025-07-14 15:34:45","Model":"text/plain; charset=utf-8","Count":499774}
[2025-07-14 18:47:34 INFO] C:/Users/c0l0f9l/Music/data.txt
[2025-07-14 18:47:35 INFO] loading...
[2025-07-14 18:47:36 INFO] loading...
[2025-07-14 18:47:37 INFO] loading...
[2025-07-14 18:47:38 INFO] loading...
[2025-07-14 18:47:39 INFO] loading...
[2025-07-14 18:47:40 INFO] loading...
[2025-07-14 18:47:41 INFO] loading...
[2025-07-14 18:47:42 INFO] loading...
[2025-07-14 18:47:43 INFO] loading...
[2025-07-14 18:47:44 INFO] loading...
[2025-07-14 18:47:45 INFO] loading...
[2025-07-14 18:47:46 INFO] loading...
[2025-07-14 18:47:47 INFO] http://sr-adhoc.cn.wal-mart.com:8030/api/demo/buckets_1752224132832_cn_wc_vm/_stream_load
[2025-07-14 18:47:47 INFO] Total Time:12.4859388s
[2025-07-14 18:47:47 INFO] 导入成功.
[2025-07-14 18:47:47 INFO] {
    "TxnId": 411081073,
    "Label": "starload-a1a3a5c4-7271-43e0-9ed3-e7a7fbb89a72",
    "Status": "Success",
    "Message": "OK",
    "NumberTotalRows": 499778,
    "NumberLoadedRows": 499778,
    "NumberFilteredRows": 0,
    "NumberUnselectedRows": 0,
    "LoadBytes": 61771736,
    "LoadTimeMs": 12351,
    "BeginTxnTimeMs": 0,
    "StreamLoadPlanTimeMs": 0,
    "ReadDataTimeMs": 29,
    "WriteDataTimeMs": 12297,
    "CommitAndPublishTimeMs": 52
}
[2025-07-14 18:47:47 INFO] finished.
[2025-07-14 18:54:56 INFO] ready.
[2025-07-14 18:59:29 INFO] ready.
[2025-07-14 18:59:44 INFO] ready.
[2025-07-14 19:00:04 INFO] datafile: C:/Users/c0l0f9l/Music/data.txt
[2025-07-14 19:00:05 INFO] load spacers: ,
[2025-07-14 19:00:07 INFO] spacers: ,
[2025-07-14 19:00:07 INFO] max filter ratio: 0
[2025-07-14 19:00:47 INFO] login...
[2025-07-14 19:00:48 INFO] on going...
[2025-07-14 19:00:48 INFO] analysis...
[2025-07-14 19:00:48 INFO] demo.buckets_1752224132832_cn_wc_vm
[2025-07-14 19:00:48 INFO] loading...
[2025-07-14 19:00:48 INFO] C:/Users/c0l0f9l/Music/data.txt
[2025-07-14 19:00:48 INFO] demo.buckets_1752224132832_cn_wc_vm
[2025-07-14 19:00:48 INFO] {"Name":"data.txt","Size":61771736,"ModTime":"2025-07-14 15:34:45","Model":"text/plain; charset=utf-8","Count":499774}
[2025-07-14 19:00:48 INFO] C:/Users/c0l0f9l/Music/data.txt
[2025-07-14 19:00:48 INFO] 42.5454ms
[2025-07-14 19:00:49 INFO] loading...
[2025-07-14 19:00:50 INFO] loading...
[2025-07-14 19:00:51 INFO] loading...
[2025-07-14 19:00:52 INFO] loading...
[2025-07-14 19:00:53 INFO] loading...
[2025-07-14 19:00:54 INFO] loading...
[2025-07-14 19:00:54 INFO] {
    "TxnId": 411087445,
    "Label": "starload-62ce842a-0a6b-43cf-a40f-76088f087a00",
    "Status": "Success",
    "Message": "OK",
    "NumberTotalRows": 499778,
    "NumberLoadedRows": 499778,
    "NumberFilteredRows": 0,
    "NumberUnselectedRows": 0,
    "LoadBytes": 61771736,
    "LoadTimeMs": 6759,
    "BeginTxnTimeMs": 0,
    "StreamLoadPlanTimeMs": 1,
    "ReadDataTimeMs": 1374,
    "WriteDataTimeMs": 6541,
    "CommitAndPublishTimeMs": 215
}
[2025-07-14 19:00:54 INFO] http://sr-adhoc.cn.wal-mart.com:8030/api/demo/buckets_1752224132832_cn_wc_vm/_stream_load
[2025-07-14 19:00:54 INFO] Total Time:6.8705357s
[2025-07-14 19:00:54 INFO] 导入成功.
[2025-07-14 19:00:55 INFO] finished.
[2025-07-15 11:08:01 INFO] ready.
[2025-07-15 11:10:09 INFO] ready.
[2025-07-15 11:10:38 INFO] ready.
[2025-07-15 11:11:45 INFO] ready.
[2025-07-15 11:11:53 INFO] datafile: C:/Users/c0l0f9l/Music/data.txt
[2025-07-15 11:11:59 INFO] spacers: ,
[2025-07-15 11:11:59 INFO] max filter ratio: 0
[2025-07-15 11:12:07 INFO] login...
[2025-07-15 11:12:10 ERROR] authentication failed: The account or password is incorrect
[2025-07-15 11:12:10 ERROR] Error 1045 (28000): Access denied for user 'c0l0f9l' (using password: YES)
[2025-07-15 11:25:33 INFO] ready.
[2025-07-15 11:25:36 INFO] ready.
[2025-07-15 11:25:41 INFO] datafile: C:/Users/c0l0f9l/Music/data.txt
[2025-07-15 11:25:43 INFO] max filter ratio: 0
[2025-07-15 11:25:43 INFO] spacers: ,
[2025-07-15 11:25:55 INFO] login...
[2025-07-15 11:25:55 INFO] AUTHENTICATION_LDAP_SIMPLE
[2025-07-15 11:25:58 ERROR] Error 1045 (28000): Access denied for user 'c0l0f9l' (using password: YES)
[2025-07-15 11:25:58 ERROR] authentication failed: The account or password is incorrect
[2025-07-15 11:31:26 INFO] ready.
[2025-07-15 11:31:39 INFO] ready.
[2025-07-15 11:31:44 INFO] datafile: C:/Users/c0l0f9l/Music/data.txt
[2025-07-15 11:31:47 INFO] max filter ratio: 0
[2025-07-15 11:31:47 INFO] spacers: ,
[2025-07-15 11:31:54 INFO] login...
[2025-07-15 11:31:54 INFO] AUTHENTICATION_LDAP_SIMPLE
[2025-07-15 11:31:54 ERROR] authentication failed: The account or password is incorrect
[2025-07-15 11:31:54 ERROR] tls: failed to verify certificate: x509: certificate is valid for starrocks.cn.wal-mart.com, not sr-adhoc.cn.wal-mart.com
[2025-07-15 13:10:13 INFO] ready.
[2025-07-15 13:10:15 INFO] load spacers: ,
[2025-07-15 13:10:20 INFO] datafile: C:/Users/c0l0f9l/Music/data.txt
[2025-07-15 13:10:21 INFO] spacers: ,
[2025-07-15 13:10:21 INFO] max filter ratio: 0
[2025-07-15 13:10:28 INFO] login...
[2025-07-15 13:10:28 INFO] demo.buckets_1752224132832_cn_wc_vm
[2025-07-15 13:10:28 INFO] analysis...
[2025-07-15 13:10:28 INFO] C:/Users/c0l0f9l/Music/data.txt
[2025-07-15 13:10:28 INFO] demo.buckets_1752224132832_cn_wc_vm
[2025-07-15 13:10:28 INFO] loading...
[2025-07-15 13:10:28 INFO] on going...
[2025-07-15 13:10:28 INFO] {"Name":"data.txt","Size":61771736,"ModTime":"2025-07-14 15:34:45","Model":"text/plain; charset=utf-8","Count":499774}
[2025-07-15 13:10:28 INFO] C:/Users/c0l0f9l/Music/data.txt
[2025-07-15 13:10:28 INFO] 47.5181ms
[2025-07-15 13:10:29 INFO] loading...
[2025-07-15 13:10:30 INFO] loading...
[2025-07-15 13:10:31 INFO] loading...
[2025-07-15 13:10:32 INFO] loading...
[2025-07-15 13:10:33 INFO] loading...
[2025-07-15 13:10:34 INFO] http://sr-adhoc.cn.wal-mart.com:8030/api/demo/buckets_1752224132832_cn_wc_vm/_stream_load
[2025-07-15 13:10:34 INFO] 导入成功.
[2025-07-15 13:10:34 INFO] Total Time:5.6998747s
[2025-07-15 13:10:34 INFO] {
    "TxnId": 411390253,
    "Label": "starload-60477cdd-754c-4bf2-80cc-0ed1fbf9810c",
    "Status": "Success",
    "Message": "OK",
    "NumberTotalRows": 499778,
    "NumberLoadedRows": 499778,
    "NumberFilteredRows": 0,
    "NumberUnselectedRows": 0,
    "LoadBytes": 61771736,
    "LoadTimeMs": 5577,
    "BeginTxnTimeMs": 0,
    "StreamLoadPlanTimeMs": 1,
    "ReadDataTimeMs": 223,
    "WriteDataTimeMs": 5494,
    "CommitAndPublishTimeMs": 80
}
[2025-07-15 13:10:34 INFO] finished.
[2025-07-15 13:10:36 INFO] spacers: ,
[2025-07-15 13:10:36 INFO] max filter ratio: 0
[2025-07-15 13:10:36 INFO] demo.buckets_1752224132832_cn_wc_vm
[2025-07-15 13:10:36 INFO] loading...
[2025-07-15 13:10:36 INFO] C:/Users/c0l0f9l/Music/data.txt
[2025-07-15 13:10:36 INFO] the account password is loaded from the cache
[2025-07-15 13:10:36 INFO] analysis...
[2025-07-15 13:10:36 INFO] {"Name":"data.txt","Size":61771736,"ModTime":"2025-07-14 15:34:45","Model":"text/plain; charset=utf-8","Count":499774}
[2025-07-15 13:10:36 INFO] C:/Users/c0l0f9l/Music/data.txt
[2025-07-15 13:10:36 INFO] 34.8258ms
[2025-07-15 13:10:37 INFO] loading...
[2025-07-15 13:10:38 INFO] loading...
[2025-07-15 13:10:39 INFO] loading...
[2025-07-15 13:10:40 INFO] loading...
[2025-07-15 13:10:41 INFO] loading...
[2025-07-15 13:10:42 INFO] loading...
[2025-07-15 13:10:42 INFO] http://sr-adhoc.cn.wal-mart.com:8030/api/demo/buckets_1752224132832_cn_wc_vm/_stream_load
[2025-07-15 13:10:42 INFO] 导入成功.
[2025-07-15 13:10:42 INFO] Total Time:6.2617365s
[2025-07-15 13:10:42 INFO] {
    "TxnId": 411390269,
    "Label": "starload-3927b47b-9d8e-4447-969e-1b024d7490c8",
    "Status": "Success",
    "Message": "OK",
    "NumberTotalRows": 499778,
    "NumberLoadedRows": 499778,
    "NumberFilteredRows": 0,
    "NumberUnselectedRows": 0,
    "LoadBytes": 61771736,
    "LoadTimeMs": 6163,
    "BeginTxnTimeMs": 0,
    "StreamLoadPlanTimeMs": 0,
    "ReadDataTimeMs": 183,
    "WriteDataTimeMs": 5935,
    "CommitAndPublishTimeMs": 226
}
[2025-07-15 13:10:43 INFO] finished.
[2025-07-15 13:11:00 INFO] ready.
[2025-07-15 13:11:05 INFO] datafile: C:/Users/c0l0f9l/Music/data.txt
[2025-07-15 13:11:13 INFO] load spacers: ,
[2025-07-15 13:11:17 INFO] max filter ratio: 0
[2025-07-15 13:11:17 INFO] spacers: ,
[2025-07-15 13:11:32 INFO] login...
[2025-07-15 13:11:32 INFO] demo.buckets_1752224132832_cn_wc_vm
[2025-07-15 13:11:32 INFO] demo.buckets_1752224132832_cn_wc_vm
[2025-07-15 13:11:32 INFO] loading...
[2025-07-15 13:11:32 INFO] analysis...
[2025-07-15 13:11:32 INFO] on going...
[2025-07-15 13:11:32 INFO] C:/Users/c0l0f9l/Music/data.txt
[2025-07-15 13:11:32 INFO] 31.755ms
[2025-07-15 13:11:32 INFO] {"Name":"data.txt","Size":61771736,"ModTime":"2025-07-14 15:34:45","Model":"text/plain; charset=utf-8","Count":499774}
[2025-07-15 13:11:32 INFO] C:/Users/c0l0f9l/Music/data.txt
[2025-07-15 13:11:33 INFO] loading...
[2025-07-15 13:11:34 INFO] loading...
[2025-07-15 13:11:35 INFO] loading...
[2025-07-15 13:11:35 ERROR] 导入失败.
[2025-07-15 13:11:35 ERROR] http://sr-adhoc.cn.wal-mart.com:8030/api/demo/buckets_1752224132832_cn_wc_vm/_stream_load
[2025-07-15 13:11:35 INFO] Total Time:3.1567858s
[2025-07-15 13:11:35 ERROR] {"status":"FAILED","code":"1","msg":"Access denied for c0l0f9l@10.14.5.198","message":"Access denied for c0l0f9l@10.14.5.198"}
[2025-07-15 13:11:36 INFO] finished.
[2025-07-15 13:11:41 INFO] spacers: ,
[2025-07-15 13:11:41 INFO] max filter ratio: 0
[2025-07-15 13:11:41 INFO] loading...
[2025-07-15 13:11:41 INFO] C:/Users/c0l0f9l/Music/data.txt
[2025-07-15 13:11:41 INFO] demo.buckets_1752224132832_cn_wc_vm
[2025-07-15 13:11:41 INFO] the account password is loaded from the cache
[2025-07-15 13:11:41 INFO] analysis...
[2025-07-15 13:11:41 INFO] {"Name":"data.txt","Size":61771736,"ModTime":"2025-07-14 15:34:45","Model":"text/plain; charset=utf-8","Count":499774}
[2025-07-15 13:11:41 INFO] C:/Users/c0l0f9l/Music/data.txt
[2025-07-15 13:11:41 INFO] 48.7155ms
[2025-07-15 13:11:42 INFO] loading...
[2025-07-15 13:11:43 INFO] loading...
[2025-07-15 13:11:44 INFO] loading...
[2025-07-15 13:11:45 ERROR] http://sr-adhoc.cn.wal-mart.com:8030/api/demo/buckets_1752224132832_cn_wc_vm/_stream_load
[2025-07-15 13:11:45 ERROR] {"status":"FAILED","code":"1","msg":"Access denied for c0l0f9l@10.14.5.198","message":"Access denied for c0l0f9l@10.14.5.198"}
[2025-07-15 13:11:45 ERROR] 导入失败.
[2025-07-15 13:11:45 INFO] Total Time:3.1201694s
[2025-07-15 13:11:45 INFO] finished.
[2025-07-15 13:13:02 INFO] spacers: ,
[2025-07-15 13:13:02 INFO] max filter ratio: 0
[2025-07-15 13:13:02 INFO] demo.buckets_1752224132832_cn_wc_vm
[2025-07-15 13:13:02 INFO] the account password is loaded from the cache
[2025-07-15 13:13:02 INFO] loading...
[2025-07-15 13:13:02 INFO] analysis...
[2025-07-15 13:13:02 INFO] C:/Users/c0l0f9l/Music/data.txt
[2025-07-15 13:13:02 INFO] {"Name":"data.txt","Size":61771736,"ModTime":"2025-07-14 15:34:45","Model":"text/plain; charset=utf-8","Count":499774}
[2025-07-15 13:13:02 INFO] 38.5153ms
[2025-07-15 13:13:02 INFO] C:/Users/c0l0f9l/Music/data.txt
[2025-07-15 13:13:03 INFO] loading...
[2025-07-15 13:13:04 INFO] loading...
[2025-07-15 13:13:05 INFO] loading...
[2025-07-15 13:13:06 ERROR] http://sr-adhoc.cn.wal-mart.com:8030/api/demo/buckets_1752224132832_cn_wc_vm/_stream_load
[2025-07-15 13:13:06 ERROR] {"status":"FAILED","code":"1","msg":"Access denied for c0l0f9l@10.14.5.198","message":"Access denied for c0l0f9l@10.14.5.198"}
[2025-07-15 13:13:06 INFO] Total Time:3.1116328s
[2025-07-15 13:13:06 ERROR] 导入失败.
[2025-07-15 13:13:06 INFO] finished.
[2025-07-15 13:19:58 INFO] ready.
[2025-07-15 13:19:59 INFO] load spacers: ,
[2025-07-15 13:20:05 INFO] datafile: C:/Users/c0l0f9l/Music/data.txt
[2025-07-15 13:20:07 INFO] spacers: ,
[2025-07-15 13:20:07 INFO] max filter ratio: 0
[2025-07-15 13:20:13 INFO] login...
[2025-07-15 13:20:13 INFO] demo.buckets_1752224132832_cn_wc_vm
[2025-07-15 13:20:13 INFO] on going...
[2025-07-15 13:20:13 INFO] demo.buckets_1752224132832_cn_wc_vm
[2025-07-15 13:20:13 INFO] loading...
[2025-07-15 13:20:13 INFO] analysis...
[2025-07-15 13:20:13 INFO] C:/Users/c0l0f9l/Music/data.txt
[2025-07-15 13:20:13 INFO] 36.5559ms
[2025-07-15 13:20:13 INFO] C:/Users/c0l0f9l/Music/data.txt
[2025-07-15 13:20:13 INFO] {"Name":"data.txt","Size":61771736,"ModTime":"2025-07-14 15:34:45","Model":"text/plain; charset=utf-8","Count":499774}
[2025-07-15 13:20:14 INFO] loading...
[2025-07-15 13:20:15 INFO] loading...
[2025-07-15 13:20:16 INFO] loading...
[2025-07-15 13:20:17 INFO] loading...
[2025-07-15 13:20:18 INFO] loading...
[2025-07-15 13:20:19 INFO] loading...
[2025-07-15 13:20:20 INFO] loading...
[2025-07-15 13:20:21 INFO] loading...
[2025-07-15 13:20:22 INFO] loading...
[2025-07-15 13:20:22 INFO] Total Time:9.1354418s
[2025-07-15 13:20:22 INFO] {
    "TxnId": 411392492,
    "Label": "starload-08ee2d40-bb74-47a7-af05-bdbce5cac90b",
    "Status": "Success",
    "Message": "OK",
    "NumberTotalRows": 499778,
    "NumberLoadedRows": 499778,
    "NumberFilteredRows": 0,
    "NumberUnselectedRows": 0,
    "LoadBytes": 61771736,
    "LoadTimeMs": 7941,
    "BeginTxnTimeMs": 984,
    "StreamLoadPlanTimeMs": 1,
    "ReadDataTimeMs": 1385,
    "WriteDataTimeMs": 5902,
    "CommitAndPublishTimeMs": 1053
}
[2025-07-15 13:20:22 INFO] http://sr-adhoc.cn.wal-mart.com:8030/api/demo/buckets_1752224132832_cn_wc_vm/_stream_load
[2025-07-15 13:20:22 INFO] 导入成功.
[2025-07-15 13:20:23 INFO] finished.
[2025-07-15 13:20:29 INFO] spacers: ,
[2025-07-15 13:20:29 INFO] loading...
[2025-07-15 13:20:29 INFO] max filter ratio: 0
[2025-07-15 13:20:29 INFO] 30.4944ms
[2025-07-15 13:20:29 INFO] analysis...
[2025-07-15 13:20:29 INFO] the account password is loaded from the cache
[2025-07-15 13:20:29 INFO] {"Name":"data.txt","Size":61771736,"ModTime":"2025-07-14 15:34:45","Model":"text/plain; charset=utf-8","Count":499774}
[2025-07-15 13:20:29 INFO] demo.buckets_1752224132832_cn_wc_vm
[2025-07-15 13:20:29 INFO] C:/Users/c0l0f9l/Music/data.txt
[2025-07-15 13:20:29 INFO] C:/Users/c0l0f9l/Music/data.txt
[2025-07-15 13:20:30 INFO] loading...
[2025-07-15 13:20:31 INFO] loading...
[2025-07-15 13:20:32 INFO] loading...
[2025-07-15 13:20:33 INFO] loading...
[2025-07-15 13:20:34 INFO] loading...
[2025-07-15 13:20:35 INFO] loading...
[2025-07-15 13:20:36 INFO] loading...
[2025-07-15 13:20:37 INFO] loading...
[2025-07-15 13:20:38 INFO] loading...
[2025-07-15 13:20:38 INFO] http://sr-adhoc.cn.wal-mart.com:8030/api/demo/buckets_1752224132832_cn_wc_vm/_stream_load
[2025-07-15 13:20:38 INFO] Total Time:9.6261562s
[2025-07-15 13:20:38 INFO] {
    "TxnId": 411392561,
    "Label": "starload-2b2a93cd-a7e3-4997-9c08-cac68a9b40b5",
    "Status": "Success",
    "Message": "OK",
    "NumberTotalRows": 499778,
    "NumberLoadedRows": 499778,
    "NumberFilteredRows": 0,
    "NumberUnselectedRows": 0,
    "LoadBytes": 61771736,
    "LoadTimeMs": 8452,
    "BeginTxnTimeMs": 983,
    "StreamLoadPlanTimeMs": 1,
    "ReadDataTimeMs": 509,
    "WriteDataTimeMs": 6428,
    "CommitAndPublishTimeMs": 1039
}
[2025-07-15 13:20:38 INFO] 导入成功.
[2025-07-15 13:20:39 INFO] finished.
[2025-07-15 13:28:42 INFO] ready.
[2025-07-15 13:36:25 INFO] ready.
[2025-07-15 13:36:28 INFO] load spacers: ,
[2025-07-15 13:36:28 INFO] load spacers: \t
[2025-07-15 13:36:29 INFO] load spacers: ^
[2025-07-15 13:36:30 INFO] load spacers: ;
[2025-07-15 13:36:31 INFO] load spacers: ,
[2025-07-15 13:36:50 WARN] please select a datafile
[2025-07-15 13:36:51 WARN] please select a datafile
[2025-07-15 13:36:51 WARN] please select a datafile
[2025-07-15 13:36:51 WARN] please select a datafile
[2025-07-15 13:36:51 WARN] please select a datafile
[2025-07-15 13:36:52 WARN] please select a datafile
[2025-07-15 13:36:52 WARN] please select a datafile
[2025-07-15 13:36:52 WARN] please select a datafile
[2025-07-15 13:36:52 WARN] please select a datafile
[2025-07-15 13:36:53 WARN] please select a datafile
[2025-07-15 14:04:05 INFO] ready.
[2025-07-15 14:06:28 INFO] load spacers: ,
[2025-07-15 14:06:33 INFO] datafile: C:/Users/c0l0f9l/Music/data.txt
[2025-07-15 14:08:52 INFO] spacers: ,
[2025-07-15 14:08:52 INFO] max filter ratio: 0
[2025-07-15 14:10:22 INFO] login...
[2025-07-15 14:10:22 INFO] on going...
[2025-07-15 14:10:22 INFO] loading...
[2025-07-15 14:10:22 INFO] C:/Users/c0l0f9l/Music/data.txt
[2025-07-15 14:10:22 INFO] demo.starload_debug
[2025-07-15 14:10:22 INFO] analysis...
[2025-07-15 14:10:22 INFO] demo.starload_debug
[2025-07-15 14:10:22 INFO] {"Name":"data.txt","Size":61771736,"ModTime":"2025-07-14 15:34:45","Model":"text/plain; charset=utf-8","Count":499774}
[2025-07-15 14:10:22 INFO] 53.5777ms
[2025-07-15 14:10:22 INFO] C:/Users/c0l0f9l/Music/data.txt
[2025-07-15 14:10:23 INFO] loading...
[2025-07-15 14:10:24 INFO] loading...
[2025-07-15 14:10:25 INFO] loading...
[2025-07-15 14:10:26 INFO] loading...
[2025-07-15 14:10:27 INFO] loading...
[2025-07-15 14:10:28 INFO] loading...
[2025-07-15 14:10:29 INFO] loading...
[2025-07-15 14:10:30 INFO] loading...
[2025-07-15 14:10:31 INFO] loading...
[2025-07-15 14:10:32 INFO] {
    "TxnId": 411408368,
    "Label": "starload-568a0196-6595-4efe-937b-4d74484b49be",
    "Status": "Success",
    "Message": "OK",
    "NumberTotalRows": 499778,
    "NumberLoadedRows": 499778,
    "NumberFilteredRows": 0,
    "NumberUnselectedRows": 0,
    "LoadBytes": 61771736,
    "LoadTimeMs": 9568,
    "BeginTxnTimeMs": 0,
    "StreamLoadPlanTimeMs": 1,
    "ReadDataTimeMs": 4126,
    "WriteDataTimeMs": 9355,
    "CommitAndPublishTimeMs": 211
}
[2025-07-15 14:10:32 INFO] Total Time:9.8465701s
[2025-07-15 14:10:32 INFO] http://sr-adhoc.cn.wal-mart.com:8030/api/demo/starload_debug/_stream_load
[2025-07-15 14:10:32 INFO] 导入成功.
[2025-07-15 14:10:32 INFO] finished.
[2025-07-15 14:16:33 INFO] cancel...
[2025-07-15 14:16:36 INFO] datafile: C:/Users/c0l0f9l/Music/d1.txt
[2025-07-15 14:16:38 INFO] max filter ratio: 0
[2025-07-15 14:16:38 INFO] the account password is loaded from the cache
[2025-07-15 14:16:38 INFO] C:/Users/c0l0f9l/Music/d1.txt
[2025-07-15 14:16:38 INFO] analysis...
[2025-07-15 14:16:38 INFO] spacers: ,
[2025-07-15 14:16:38 INFO] loading...
[2025-07-15 14:16:38 INFO] demo.starload_debug
[2025-07-15 14:16:38 INFO] {"Name":"d1.txt","Size":185315208,"ModTime":"2025-07-15 14:13:21","Model":"text/plain; charset=utf-8","Count":1499330}
[2025-07-15 14:16:39 INFO] loading...
[2025-07-15 14:16:40 INFO] loading...
[2025-07-15 14:16:41 INFO] loading...
[2025-07-15 14:16:42 INFO] loading...
[2025-07-15 14:16:43 INFO] loading...
[2025-07-15 14:16:44 INFO] loading...
[2025-07-15 14:16:45 INFO] loading...
[2025-07-15 14:16:46 INFO] loading...
[2025-07-15 14:16:47 INFO] loading...
[2025-07-15 14:16:48 INFO] loading...
[2025-07-15 14:16:49 INFO] loading...
[2025-07-15 14:16:50 INFO] loading...
[2025-07-15 14:16:51 INFO] loading...
[2025-07-15 14:16:52 INFO] loading...
[2025-07-15 14:16:53 INFO] loading...
[2025-07-15 14:16:54 INFO] loading...
[2025-07-15 14:16:55 INFO] loading...
[2025-07-15 14:16:56 INFO] loading...
[2025-07-15 14:16:57 INFO] loading...
[2025-07-15 14:16:58 INFO] loading...
[2025-07-15 14:16:59 INFO] loading...
[2025-07-15 14:17:00 INFO] loading...
[2025-07-15 14:17:01 INFO] loading...
[2025-07-15 14:17:02 INFO] loading...
[2025-07-15 14:17:03 INFO] loading...
[2025-07-15 14:17:04 INFO] loading...
[2025-07-15 14:17:05 INFO] loading...
[2025-07-15 14:17:06 INFO] loading...
[2025-07-15 14:17:07 INFO] loading...
[2025-07-15 14:17:08 INFO] loading...
[2025-07-15 14:17:09 INFO] loading...
[2025-07-15 14:17:10 INFO] loading...
[2025-07-15 14:17:11 INFO] loading...
[2025-07-15 14:17:12 INFO] loading...
[2025-07-15 14:17:13 INFO] loading...
[2025-07-15 14:17:14 INFO] loading...
[2025-07-15 14:17:15 INFO] loading...
[2025-07-15 14:17:16 INFO] loading...
[2025-07-15 14:17:17 INFO] loading...
[2025-07-15 14:17:18 INFO] loading...
[2025-07-15 14:17:19 INFO] loading...
[2025-07-15 14:17:20 INFO] loading...
[2025-07-15 14:17:21 INFO] loading...
[2025-07-15 14:17:22 INFO] loading...
[2025-07-15 14:17:23 INFO] loading...
[2025-07-15 14:17:24 INFO] loading...
[2025-07-15 14:17:25 INFO] loading...
[2025-07-15 14:17:26 INFO] loading...
[2025-07-15 14:17:27 INFO] loading...
[2025-07-15 14:17:28 INFO] loading...
[2025-07-15 14:17:29 INFO] loading...
[2025-07-15 14:17:30 INFO] loading...
[2025-07-15 14:17:31 INFO] loading...
[2025-07-15 14:17:32 INFO] loading...
[2025-07-15 14:17:33 INFO] loading...
[2025-07-15 14:17:34 INFO] loading...
[2025-07-15 14:17:35 INFO] loading...
[2025-07-15 14:17:36 INFO] loading...
[2025-07-15 14:17:37 INFO] loading...
[2025-07-15 14:17:38 INFO] loading...
[2025-07-15 14:17:39 INFO] loading...
[2025-07-15 14:17:40 INFO] loading...
[2025-07-15 14:17:41 INFO] loading...
[2025-07-15 14:17:42 INFO] loading...
[2025-07-15 14:17:43 INFO] loading...
[2025-07-15 14:17:44 INFO] loading...
[2025-07-15 14:17:45 INFO] loading...
[2025-07-15 14:17:46 INFO] loading...
[2025-07-15 14:17:47 INFO] loading...
[2025-07-15 14:17:48 INFO] loading...
[2025-07-15 14:17:49 INFO] loading...
[2025-07-15 14:17:50 INFO] loading...
[2025-07-15 14:17:51 INFO] loading...
[2025-07-15 14:17:52 INFO] loading...
[2025-07-15 14:17:53 INFO] loading...
[2025-07-15 14:17:54 INFO] loading...
[2025-07-15 14:17:55 INFO] loading...
[2025-07-15 14:17:56 INFO] loading...
[2025-07-15 14:17:57 INFO] loading...
[2025-07-15 14:17:58 INFO] loading...
[2025-07-15 14:17:59 INFO] loading...
[2025-07-15 14:18:00 INFO] loading...
[2025-07-15 14:18:01 INFO] loading...
[2025-07-15 14:18:02 INFO] loading...
[2025-07-15 14:18:03 INFO] loading...
[2025-07-15 14:18:04 INFO] loading...
[2025-07-15 14:18:05 INFO] loading...
[2025-07-15 14:18:06 INFO] loading...
[2025-07-15 14:18:07 INFO] loading...
[2025-07-15 14:18:08 INFO] loading...
[2025-07-15 14:18:08 INFO] cancel...
[2025-07-15 14:18:09 INFO] loading...
[2025-07-15 14:18:10 INFO] loading...
[2025-07-15 14:18:11 INFO] loading...
[2025-07-15 14:18:12 INFO] loading...
[2025-07-15 14:18:13 INFO] loading...
[2025-07-15 14:18:14 INFO] loading...
[2025-07-15 14:18:15 INFO] loading...
[2025-07-15 14:18:16 INFO] loading...
[2025-07-15 14:18:17 INFO] loading...
[2025-07-15 14:18:18 INFO] loading...
[2025-07-15 14:18:19 INFO] loading...
[2025-07-15 14:18:20 INFO] loading...
[2025-07-15 14:18:21 INFO] loading...
[2025-07-15 14:18:22 INFO] loading...
[2025-07-15 14:18:23 INFO] loading...
[2025-07-15 14:19:55 INFO] ready.
[2025-07-15 14:19:57 WARN] please select a datafile
[2025-07-15 14:19:58 WARN] please select a datafile
[2025-07-15 14:21:24 INFO] ready.
[2025-07-15 14:21:26 INFO] load spacers: ,
[2025-07-15 14:21:53 INFO] datafile: C:/Users/c0l0f9l/Music/d1.txt
[2025-07-15 14:21:55 INFO] spacers: ,
[2025-07-15 14:21:55 INFO] max filter ratio: 0
[2025-07-15 14:23:50 INFO] ready.
[2025-07-15 14:23:53 INFO] load spacers: ,
[2025-07-15 14:23:57 INFO] datafile: C:/Users/c0l0f9l/Music/d1.txt
[2025-07-15 14:23:58 INFO] max filter ratio: 0
[2025-07-15 14:23:58 INFO] spacers: ,
[2025-07-15 14:24:10 INFO] login...
[2025-07-15 14:24:10 INFO] C:/Users/c0l0f9l/Music/d1.txt
[2025-07-15 14:24:10 INFO] analysis...
[2025-07-15 14:24:10 INFO] loading...
[2025-07-15 14:24:10 INFO] demo.starload_debug
[2025-07-15 14:24:10 INFO] demo.starload_debug
[2025-07-15 14:24:10 INFO] on going...
[2025-07-15 14:24:10 INFO] {"Name":"d1.txt","Size":185315208,"ModTime":"2025-07-15 14:13:21","Model":"text/plain; charset=utf-8","Count":1499330}
[2025-07-15 14:24:11 INFO] finished.
[2025-07-15 14:33:53 INFO] ready.
[2025-07-15 14:33:56 INFO] load spacers: ,
[2025-07-15 14:34:01 INFO] datafile: C:/Users/c0l0f9l/Music/d1.txt
[2025-07-15 14:34:02 INFO] spacers: ,
[2025-07-15 14:34:02 INFO] max filter ratio: 0
[2025-07-15 14:34:08 INFO] login...
[2025-07-15 14:34:08 INFO] demo.starload_debug
[2025-07-15 14:34:08 INFO] analysis...
[2025-07-15 14:34:08 INFO] loading...
[2025-07-15 14:34:08 INFO] demo.starload_debug
[2025-07-15 14:34:08 INFO] C:/Users/c0l0f9l/Music/d1.txt
[2025-07-15 14:34:08 INFO] on going...
[2025-07-15 14:34:09 INFO] {"Name":"d1.txt","Size":185315208,"ModTime":"2025-07-15 14:13:21","Model":"text/plain; charset=utf-8","Count":1499330}
[2025-07-15 14:34:09 ERROR] 单文件大小不得超过100MB
[2025-07-15 14:34:09 INFO] finished.
[2025-07-15 14:39:05 INFO] ready.
[2025-07-15 14:39:06 INFO] load spacers: ,
[2025-07-15 14:39:12 INFO] datafile: C:/Users/c0l0f9l/Music/data.txt
[2025-07-15 14:39:13 INFO] max filter ratio: 0
[2025-07-15 14:39:13 INFO] spacers: ,
[2025-07-15 15:23:25 INFO] ready.
[2025-07-16 10:29:08 INFO] selected environment: adhoc
[2025-07-16 10:29:08 INFO] ready.
[2025-07-16 10:29:13 INFO] selected environment: qa
[2025-07-16 10:29:13 INFO] selected environment: adhoc
[2025-07-16 10:29:14 INFO] selected environment: qa
[2025-07-16 10:29:15 INFO] selected environment: adhoc
[2025-07-16 10:32:47 INFO] selected environment: adhoc
[2025-07-16 10:32:47 INFO] ready.
[2025-07-16 10:33:10 INFO] selected environment: qa
[2025-07-16 10:33:12 INFO] selected environment: adhoc
[2025-07-16 10:35:05 INFO] selected environment: adhoc
[2025-07-16 10:35:05 INFO] ready.
[2025-07-16 10:35:08 INFO] selected environment: adhoc
[2025-07-16 10:35:09 INFO] selected environment: qa
[2025-07-16 10:35:11 INFO] selected environment: adhoc
[2025-07-16 10:35:12 INFO] selected environment: qa
[2025-07-16 10:35:15 INFO] selected environment: adhoc
[2025-07-16 10:42:24 INFO] environment: StarRocks(Tencent Cloud) SR-ADHOC
[2025-07-16 10:42:24 INFO] ready.
[2025-07-16 10:42:26 INFO] environment: StarRocks(Tencent Cloud) SR-QA
[2025-07-16 10:42:28 INFO] environment: StarRocks(Tencent Cloud) SR-ADHOC
[2025-07-16 10:42:31 INFO] load spacers: ,
[2025-07-16 10:42:37 INFO] datafile: C:/Users/c0l0f9l/Music/data.txt
[2025-07-16 10:42:38 INFO] max filter ratio: 0
[2025-07-16 10:42:38 INFO] spacers: ,
[2025-07-16 10:42:45 INFO] login...
[2025-07-16 10:42:45 INFO] loading...
[2025-07-16 10:42:45 INFO] demo.starload_debug
[2025-07-16 10:42:45 INFO] C:/Users/c0l0f9l/Music/data.txt
[2025-07-16 10:42:45 INFO] demo.starload_debug
[2025-07-16 10:42:45 INFO] on going...
[2025-07-16 10:42:45 INFO] analysis...
[2025-07-16 10:42:45 INFO] {"Name":"data.txt","Size":61771736,"ModTime":"2025-07-14 15:34:45","Model":"text/plain; charset=utf-8","Count":499774}
[2025-07-16 10:42:45 INFO] 54.2036ms
[2025-07-16 10:42:45 INFO] C:/Users/c0l0f9l/Music/data.txt
[2025-07-16 10:42:46 INFO] loading...
[2025-07-16 10:42:47 INFO] loading...
[2025-07-16 10:42:48 INFO] loading...
[2025-07-16 10:42:49 INFO] loading...
[2025-07-16 10:42:50 INFO] loading...
[2025-07-16 10:42:51 INFO] loading...
[2025-07-16 10:42:52 INFO] http://sr-adhoc.cn.wal-mart.com:8030/api/demo/starload_debug/_stream_load
[2025-07-16 10:42:52 INFO] Total Time:6.655225s
[2025-07-16 10:42:52 INFO] {
    "TxnId": 411742627,
    "Label": "starload-5335f4de-80e4-4cda-94c6-d6aac9e0bd8d",
    "Status": "Success",
    "Message": "OK",
    "NumberTotalRows": 499778,
    "NumberLoadedRows": 499778,
    "NumberFilteredRows": 0,
    "NumberUnselectedRows": 0,
    "LoadBytes": 61771736,
    "LoadTimeMs": 6524,
    "BeginTxnTimeMs": 0,
    "StreamLoadPlanTimeMs": 1,
    "ReadDataTimeMs": 17,
    "WriteDataTimeMs": 6446,
    "CommitAndPublishTimeMs": 76
}
[2025-07-16 10:42:52 INFO] 导入成功.
[2025-07-16 10:42:52 INFO] finished.
[2025-07-16 10:42:55 INFO] environment: StarRocks(Tencent Cloud) SR-QA
[2025-07-16 10:42:56 INFO] spacers: ,
[2025-07-16 10:42:56 INFO] max filter ratio: 0
[2025-07-16 10:42:56 INFO] analysis...
[2025-07-16 10:42:56 INFO] demo.starload_debug
[2025-07-16 10:42:56 INFO] loading...
[2025-07-16 10:42:56 INFO] the account password is loaded from the cache
[2025-07-16 10:42:56 INFO] C:/Users/c0l0f9l/Music/data.txt
[2025-07-16 10:42:56 INFO] {"Name":"data.txt","Size":61771736,"ModTime":"2025-07-14 15:34:45","Model":"text/plain; charset=utf-8","Count":499774}
[2025-07-16 10:42:56 INFO] 35.1328ms
[2025-07-16 10:42:56 INFO] C:/Users/c0l0f9l/Music/data.txt
[2025-07-16 10:42:57 INFO] loading...
[2025-07-16 10:42:58 INFO] loading...
[2025-07-16 10:42:59 INFO] loading...
[2025-07-16 10:43:00 INFO] loading...
[2025-07-16 10:43:01 INFO] loading...
[2025-07-16 10:43:02 INFO] loading...
[2025-07-16 10:43:03 INFO] Total Time:6.7082158s
[2025-07-16 10:43:03 INFO] http://sr-adhoc.cn.wal-mart.com:8030/api/demo/starload_debug/_stream_load
[2025-07-16 10:43:03 INFO] 导入成功.
[2025-07-16 10:43:03 INFO] {
    "TxnId": 411742712,
    "Label": "starload-f2f2ec3d-8d8c-435e-a093-b26342c7c2b6",
    "Status": "Success",
    "Message": "OK",
    "NumberTotalRows": 499778,
    "NumberLoadedRows": 499778,
    "NumberFilteredRows": 0,
    "NumberUnselectedRows": 0,
    "LoadBytes": 61771736,
    "LoadTimeMs": 6605,
    "BeginTxnTimeMs": 0,
    "StreamLoadPlanTimeMs": 1,
    "ReadDataTimeMs": 18,
    "WriteDataTimeMs": 6477,
    "CommitAndPublishTimeMs": 127
}
[2025-07-16 10:43:03 INFO] finished.
[2025-07-16 10:43:13 INFO] environment: StarRocks(Tencent Cloud) SR-QA
[2025-07-16 10:44:29 INFO] environment: StarRocks(Tencent Cloud) SR-ADHOC
[2025-07-16 10:44:29 INFO] ready.
[2025-07-16 10:44:36 INFO] load spacers: ,
[2025-07-16 10:44:40 INFO] datafile: C:/Users/c0l0f9l/Music/data.txt
[2025-07-16 10:44:41 INFO] spacers: ,
[2025-07-16 10:44:41 INFO] max filter ratio: 0
[2025-07-16 10:44:48 INFO] login...
[2025-07-16 10:44:48 INFO] analysis...
[2025-07-16 10:44:48 INFO] loading...
[2025-07-16 10:44:48 INFO] C:/Users/c0l0f9l/Music/data.txt
[2025-07-16 10:44:48 INFO] on going...
[2025-07-16 10:44:48 INFO] demo.starload_debug
[2025-07-16 10:44:48 INFO] demo.starload_debug
[2025-07-16 10:44:48 INFO] {"Name":"data.txt","Size":61771736,"ModTime":"2025-07-14 15:34:45","Model":"text/plain; charset=utf-8","Count":499774}
[2025-07-16 10:44:48 INFO] C:/Users/c0l0f9l/Music/data.txt
[2025-07-16 10:44:48 INFO] 35.7172ms
[2025-07-16 10:44:49 INFO] loading...
[2025-07-16 10:44:50 INFO] loading...
[2025-07-16 10:44:51 INFO] loading...
[2025-07-16 10:44:52 INFO] loading...
[2025-07-16 10:44:53 INFO] loading...
[2025-07-16 10:44:54 INFO] http://sr-adhoc.cn.wal-mart.com:8030/api/demo/starload_debug/_stream_load
[2025-07-16 10:44:54 INFO] 导入成功.
[2025-07-16 10:44:54 INFO] {
    "TxnId": 411743235,
    "Label": "starload-18fe8bdc-bf1a-442f-8b81-cb16b1d59412",
    "Status": "Success",
    "Message": "OK",
    "NumberTotalRows": 499778,
    "NumberLoadedRows": 499778,
    "NumberFilteredRows": 0,
    "NumberUnselectedRows": 0,
    "LoadBytes": 61771736,
    "LoadTimeMs": 5702,
    "BeginTxnTimeMs": 0,
    "StreamLoadPlanTimeMs": 1,
    "ReadDataTimeMs": 19,
    "WriteDataTimeMs": 5613,
    "CommitAndPublishTimeMs": 87
}
[2025-07-16 10:44:54 INFO] Total Time:5.8227535s
[2025-07-16 10:44:54 INFO] finished.
[2025-07-16 10:44:58 INFO] environment: StarRocks(Tencent Cloud) SR-QA
[2025-07-16 10:45:00 INFO] spacers: ,
[2025-07-16 10:45:00 INFO] the account password is loaded from the cache
[2025-07-16 10:45:00 INFO] analysis...
[2025-07-16 10:45:00 INFO] loading...
[2025-07-16 10:45:00 INFO] C:/Users/c0l0f9l/Music/data.txt
[2025-07-16 10:45:00 INFO] max filter ratio: 0
[2025-07-16 10:45:00 INFO] demo.starload_debug
[2025-07-16 10:45:00 INFO] {"Name":"data.txt","Size":61771736,"ModTime":"2025-07-14 15:34:45","Model":"text/plain; charset=utf-8","Count":499774}
[2025-07-16 10:45:00 INFO] C:/Users/c0l0f9l/Music/data.txt
[2025-07-16 10:45:00 INFO] 36.3177ms
[2025-07-16 10:45:00 ERROR] http://sr-qa.cn.wal-mart.com:8030/api/demo/starload_debug/_stream_load
[2025-07-16 10:45:00 INFO] Total Time:139.1856ms
[2025-07-16 10:45:00 ERROR] 导入失败.
[2025-07-16 10:45:00 ERROR] {
    "TxnId": -1,
    "Label": "starload-6f17dc8e-4415-4890-8c6f-a2308babf119",
    "Status": "Fail",
    "Message": "unknown table \"demo.starload_debug\"",
    "NumberTotalRows": 0,
    "NumberLoadedRows": 0,
    "NumberFilteredRows": 0,
    "NumberUnselectedRows": 0,
    "LoadBytes": 0,
    "LoadTimeMs": 0,
    "BeginTxnTimeMs": 0,
    "StreamLoadPlanTimeMs": 0,
    "ReadDataTimeMs": 0,
    "WriteDataTimeMs": 0,
    "CommitAndPublishTimeMs": 0
}
[2025-07-16 10:45:01 INFO] finished.
[2025-07-16 10:45:01 ERROR] load failed
[2025-07-16 10:45:09 INFO] spacers: ,
[2025-07-16 10:45:09 INFO] the account password is loaded from the cache
[2025-07-16 10:45:09 INFO] C:/Users/c0l0f9l/Music/data.txt
[2025-07-16 10:45:09 INFO] analysis...
[2025-07-16 10:45:09 INFO] demo.starload_debug
[2025-07-16 10:45:09 INFO] loading...
[2025-07-16 10:45:09 INFO] max filter ratio: 0
[2025-07-16 10:45:09 INFO] {"Name":"data.txt","Size":61771736,"ModTime":"2025-07-14 15:34:45","Model":"text/plain; charset=utf-8","Count":499774}
[2025-07-16 10:45:09 INFO] 27.1282ms
[2025-07-16 10:45:09 INFO] C:/Users/c0l0f9l/Music/data.txt
[2025-07-16 10:45:09 ERROR] {
    "TxnId": -1,
    "Label": "starload-2e8ef865-8b76-42f2-867c-2d8e01e66ca6",
    "Status": "Fail",
    "Message": "unknown table \"demo.starload_debug\"",
    "NumberTotalRows": 0,
    "NumberLoadedRows": 0,
    "NumberFilteredRows": 0,
    "NumberUnselectedRows": 0,
    "LoadBytes": 0,
    "LoadTimeMs": 0,
    "BeginTxnTimeMs": 0,
    "StreamLoadPlanTimeMs": 0,
    "ReadDataTimeMs": 0,
    "WriteDataTimeMs": 0,
    "CommitAndPublishTimeMs": 0
}
[2025-07-16 10:45:09 ERROR] 导入失败.
[2025-07-16 10:45:09 INFO] Total Time:86.8678ms
[2025-07-16 10:45:09 ERROR] http://sr-qa.cn.wal-mart.com:8030/api/demo/starload_debug/_stream_load
[2025-07-16 10:45:10 INFO] finished.
[2025-07-16 10:45:10 ERROR] load failed
[2025-07-16 10:45:33 INFO] environment: StarRocks(Tencent Cloud) SR-ADHOC
[2025-07-16 10:45:35 INFO] environment: StarRocks(Tencent Cloud) SR-QA
[2025-07-16 10:47:30 INFO] environment: StarRocks(Tencent Cloud) SR-ADHOC
[2025-07-16 10:47:31 INFO] environment: StarRocks(Tencent Cloud) SR-ADHOC
[2025-07-16 10:47:54 INFO] environment: StarRocks(Tencent Cloud) SR-QA
[2025-07-16 10:47:55 INFO] environment: StarRocks(Tencent Cloud) SR-ADHOC
[2025-07-16 10:48:11 INFO] environment: StarRocks(Tencent Cloud) SR-ADHOC
[2025-07-16 10:49:10 INFO] environment: StarRocks(Tencent Cloud) SR-ADHOC
[2025-07-16 10:49:13 INFO] environment: StarRocks(Tencent Cloud) SR-ADHOC
[2025-07-16 10:49:13 INFO] ready.
[2025-07-16 10:49:21 INFO] environment: StarRocks(Tencent Cloud) SR-QA
[2025-07-16 10:49:22 INFO] environment: StarRocks(Tencent Cloud) SR-ADHOC
[2025-07-16 10:49:24 INFO] load spacers: ,
[2025-07-16 10:49:25 INFO] load spacers: \t
[2025-07-16 10:49:26 INFO] load spacers: ^
[2025-07-16 10:49:26 INFO] load spacers: ;
[2025-07-16 10:54:56 INFO] environment: StarRocks(Tencent Cloud) SR-ADHOC
[2025-07-16 10:54:59 INFO] environment: StarRocks(Tencent Cloud) SR-ADHOC
[2025-07-16 10:54:59 INFO] ready.
[2025-07-16 10:58:59 INFO] environment: StarRocks(Tencent Cloud) SR-ADHOC
[2025-07-16 11:10:02 INFO] environment: StarRocks(Tencent Cloud) SR-ADHOC
[2025-07-16 11:10:02 INFO] ready.
[2025-07-16 11:10:15 INFO] environment: StarRocks(Tencent Cloud) SR-QA
[2025-07-16 13:29:17 INFO] environment: StarRocks(Tencent Cloud) SR-ADHOC
[2025-07-16 13:29:19 INFO] environment: StarRocks(Tencent Cloud) SR-ADHOC
[2025-07-16 13:29:19 INFO] ready.
[2025-07-16 13:29:24 INFO] file format: textfile
[2025-07-16 13:29:26 INFO] file format: json
[2025-07-16 13:29:26 INFO] file format: textfile
[2025-07-16 13:29:27 INFO] file format: json
[2025-07-16 13:29:28 INFO] file format: textfile
[2025-07-16 13:29:34 INFO] file format: json
[2025-07-16 13:29:34 INFO] file format: textfile
[2025-07-16 13:29:35 INFO] file format: json
[2025-07-16 13:29:35 INFO] load spacers: ,
[2025-07-16 13:29:36 INFO] load spacers: \t
[2025-07-16 13:29:36 INFO] load spacers: ^
[2025-07-16 13:29:37 INFO] load spacers: ;
[2025-07-16 13:29:39 INFO] file format: textfile
[2025-07-16 13:29:41 INFO] file format: json
[2025-07-16 13:29:41 INFO] file format: textfile
[2025-07-16 13:31:54 INFO] environment: StarRocks(Tencent Cloud) SR-ADHOC
[2025-07-16 13:32:03 INFO] environment: StarRocks(Tencent Cloud) SR-ADHOC
[2025-07-16 13:32:03 INFO] ready.
[2025-07-16 13:32:24 INFO] environment: StarRocks(Tencent Cloud) SR-QA
[2025-07-16 13:32:25 INFO] environment: StarRocks(Tencent Cloud) SR-ADHOC
[2025-07-16 13:44:18 INFO] environment: StarRocks(Tencent Cloud) SR-ADHOC
[2025-07-16 13:44:20 INFO] environment: StarRocks(Tencent Cloud) SR-ADHOC
[2025-07-16 13:44:20 INFO] ready.
[2025-07-16 13:44:25 INFO] file format: json
[2025-07-16 13:44:27 INFO] file format: textfile
[2025-07-16 13:44:28 INFO] file format: json
[2025-07-16 13:44:34 INFO] datafile: C:/Users/c0l0f9l/Music/1.json
[2025-07-16 13:44:36 INFO] spacers: ,
[2025-07-16 13:44:36 INFO] max filter ratio: 0
[2025-07-16 13:44:44 INFO] login...
[2025-07-16 13:44:44 INFO] demo.cnsfm_json
[2025-07-16 13:44:44 INFO] loading...
[2025-07-16 13:44:44 INFO] C:/Users/c0l0f9l/Music/1.json
[2025-07-16 13:44:44 INFO] json.
[2025-07-16 13:44:44 INFO] 19.7145ms
[2025-07-16 13:44:44 INFO] C:/Users/c0l0f9l/Music/1.json
[2025-07-16 13:44:44 INFO] {"Name":"1.json","Size":66,"ModTime":"2025-07-16 13:31:58","Model":"application/octet-stream","Count":0}
[2025-07-16 13:44:44 INFO] demo.cnsfm_json
[2025-07-16 13:44:44 INFO] analysis...
[2025-07-16 13:44:44 INFO] on going...
[2025-07-16 13:44:44 ERROR] {
    "TxnId": 411801571,
    "Label": "starload-76fc77e2-40ce-4b7f-aefc-8b31f20ff734",
    "Status": "Fail",
    "Message": "parse error. the value should be array type with strip_outer_array=true, value: {\"category\":\"C++\",\"author\":\"avc\",\"title\":\"C++ primer\",\"price\":89",
    "NumberTotalRows": 0,
    "NumberLoadedRows": 0,
    "NumberFilteredRows": 0,
    "NumberUnselectedRows": 0,
    "LoadBytes": 66,
    "LoadTimeMs": 4,
    "BeginTxnTimeMs": 0,
    "StreamLoadPlanTimeMs": 1,
    "ReadDataTimeMs": 0,
    "WriteDataTimeMs": 2,
    "CommitAndPublishTimeMs": 0
}
[2025-07-16 13:44:44 INFO] Total Time:56.536ms
[2025-07-16 13:44:44 ERROR] 导入失败.
[2025-07-16 13:44:44 ERROR] http://sr-adhoc.cn.wal-mart.com:8030/api/demo/cnsfm_json/_stream_load
[2025-07-16 13:44:45 INFO] finished.
[2025-07-16 13:44:45 ERROR] load failed
[2025-07-16 13:45:28 INFO] max filter ratio: 0
[2025-07-16 13:45:28 INFO] spacers: ,
[2025-07-16 13:45:36 INFO] login...
[2025-07-16 13:45:36 INFO] demo.cnsfm_json
[2025-07-16 13:45:36 INFO] C:/Users/c0l0f9l/Music/1.json
[2025-07-16 13:45:36 INFO] {"Name":"1.json","Size":231,"ModTime":"2025-07-16 13:45:23","Model":"application/octet-stream","Count":0}
[2025-07-16 13:45:36 INFO] C:/Users/c0l0f9l/Music/1.json
[2025-07-16 13:45:36 INFO] json.
[2025-07-16 13:45:36 INFO] loading...
[2025-07-16 13:45:36 INFO] 4.5378ms
[2025-07-16 13:45:36 INFO] on going...
[2025-07-16 13:45:36 INFO] demo.cnsfm_json
[2025-07-16 13:45:36 INFO] analysis...
[2025-07-16 13:45:37 INFO] {
    "TxnId": 411801747,
    "Label": "starload-53a1a10c-1f69-4992-935a-b69c82bb26d8",
    "Status": "Success",
    "Message": "OK",
    "NumberTotalRows": 3,
    "NumberLoadedRows": 3,
    "NumberFilteredRows": 0,
    "NumberUnselectedRows": 0,
    "LoadBytes": 231,
    "LoadTimeMs": 687,
    "BeginTxnTimeMs": 0,
    "StreamLoadPlanTimeMs": 0,
    "ReadDataTimeMs": 0,
    "WriteDataTimeMs": 659,
    "CommitAndPublishTimeMs": 26
}
[2025-07-16 13:45:37 INFO] http://sr-adhoc.cn.wal-mart.com:8030/api/demo/cnsfm_json/_stream_load
[2025-07-16 13:45:37 INFO] Total Time:721.8928ms
[2025-07-16 13:45:37 INFO] 导入成功.
[2025-07-16 13:45:37 INFO] finished.
[2025-07-16 13:45:57 INFO] file format: textfile
[2025-07-16 13:45:58 INFO] file format: json
[2025-07-16 13:46:00 INFO] file format: textfile
[2025-07-16 13:46:01 INFO] file format: json
[2025-07-16 13:46:01 INFO] file format: textfile
[2025-07-16 13:46:05 INFO] file format: json
[2025-07-16 13:46:06 INFO] file format: textfile
[2025-07-16 14:31:42 INFO] environment: StarRocks(Tencent Cloud) SR-ADHOC
[2025-07-16 14:31:56 INFO] environment: StarRocks(Tencent Cloud) SR-ADHOC
[2025-07-16 14:31:56 INFO] ready.
[2025-07-16 14:44:18 INFO] file format: json
[2025-07-16 14:44:20 INFO] json strip_outer_array: false
[2025-07-16 14:44:29 INFO] datafile: C:/Users/c0l0f9l/Music/2.json
[2025-07-16 14:44:30 INFO] max filter ratio: 0
[2025-07-16 14:44:30 INFO] spacers: ,
[2025-07-16 14:44:37 INFO] login...
[2025-07-16 14:44:37 INFO] analysis...
[2025-07-16 14:44:37 INFO] loading...
[2025-07-16 14:44:37 INFO] on going...
[2025-07-16 14:44:37 INFO] demo.cnsfm_json
[2025-07-16 14:44:37 INFO] {"Name":"2.json","Size":66,"ModTime":"2025-07-16 14:30:15","Model":"application/octet-stream","Count":0}
[2025-07-16 14:44:37 INFO] json.
[2025-07-16 14:44:37 INFO] C:/Users/c0l0f9l/Music/2.json
[2025-07-16 14:44:37 INFO] C:/Users/c0l0f9l/Music/2.json
[2025-07-16 14:44:37 INFO] 15.3015ms
[2025-07-16 14:44:37 INFO] demo.cnsfm_json
[2025-07-16 14:44:37 ERROR] 导入失败.
[2025-07-16 14:44:37 ERROR] http://sr-adhoc.cn.wal-mart.com:8030/api/demo/cnsfm_json/_stream_load
[2025-07-16 14:44:37 ERROR] {
    "TxnId": 411821237,
    "Label": "starload-3fa82898-1664-4861-a5b3-c003a9613810",
    "Status": "Fail",
    "Message": "parse error. the value should be array type with strip_outer_array=true, value: {\"category\":\"C++\",\"author\":\"avc\",\"title\":\"C++ primer\",\"price\":89",
    "NumberTotalRows": 0,
    "NumberLoadedRows": 0,
    "NumberFilteredRows": 0,
    "NumberUnselectedRows": 0,
    "LoadBytes": 66,
    "LoadTimeMs": 4,
    "BeginTxnTimeMs": 0,
    "StreamLoadPlanTimeMs": 0,
    "ReadDataTimeMs": 0,
    "WriteDataTimeMs": 2,
    "CommitAndPublishTimeMs": 0
}
[2025-07-16 14:44:37 INFO] Total Time:62.8544ms
[2025-07-16 14:44:38 ERROR] load failed
[2025-07-16 14:44:38 INFO] finished.
[2025-07-16 14:46:55 INFO] environment: StarRocks(Tencent Cloud) SR-ADHOC
[2025-07-16 14:47:19 INFO] environment: StarRocks(Tencent Cloud) SR-ADHOC
[2025-07-16 14:47:19 INFO] ready.
[2025-07-16 14:47:30 INFO] file format: json
[2025-07-16 14:47:32 INFO] json strip_outer_array: false
[2025-07-16 14:47:39 INFO] datafile: C:/Users/c0l0f9l/Music/2.json
[2025-07-16 14:47:40 INFO] spacers: ,
[2025-07-16 14:47:40 INFO] max filter ratio: 0
[2025-07-16 14:47:48 INFO] login...
[2025-07-16 14:47:48 INFO] demo.cnsfm_json
[2025-07-16 14:47:48 INFO] loading...
[2025-07-16 14:47:48 INFO] 16.3824ms
[2025-07-16 14:47:48 INFO] demo.cnsfm_json
[2025-07-16 14:47:48 INFO] C:/Users/c0l0f9l/Music/2.json
[2025-07-16 14:47:48 INFO] C:/Users/c0l0f9l/Music/2.json
[2025-07-16 14:47:48 INFO] {"Name":"2.json","Size":66,"ModTime":"2025-07-16 14:30:15","Model":"application/octet-stream","Count":0}
[2025-07-16 14:47:48 INFO] json.
[2025-07-16 14:47:48 INFO] on going...
[2025-07-16 14:47:48 INFO] analysis...
[2025-07-16 14:47:48 INFO] http://sr-adhoc.cn.wal-mart.com:8030/api/demo/cnsfm_json/_stream_load
[2025-07-16 14:47:48 INFO] {
    "TxnId": 411822630,
    "Label": "starload-0477a519-bc97-43fe-8248-bf558e87386a",
    "Status": "Success",
    "Message": "OK",
    "NumberTotalRows": 1,
    "NumberLoadedRows": 1,
    "NumberFilteredRows": 0,
    "NumberUnselectedRows": 0,
    "LoadBytes": 66,
    "LoadTimeMs": 96,
    "BeginTxnTimeMs": 0,
    "StreamLoadPlanTimeMs": 0,
    "ReadDataTimeMs": 0,
    "WriteDataTimeMs": 26,
    "CommitAndPublishTimeMs": 67
}
[2025-07-16 14:47:48 INFO] Total Time:143.1881ms
[2025-07-16 14:47:48 INFO] 导入成功.
[2025-07-16 14:47:49 INFO] finished.
[2025-07-16 14:48:28 INFO] load spacers: ;
[2025-07-16 14:48:29 INFO] load spacers: ^
[2025-07-16 14:48:29 INFO] load spacers: \t
[2025-07-16 14:48:30 INFO] load spacers: ,
[2025-07-16 14:53:35 INFO] environment: StarRocks(Tencent Cloud) SR-ADHOC
[2025-07-16 14:55:46 INFO] environment: StarRocks(Tencent Cloud) SR-ADHOC
[2025-07-16 14:55:46 INFO] ready.
[2025-07-16 14:55:59 INFO] json strip_outer_array: false
[2025-07-16 14:56:00 INFO] load spacers: ^
[2025-07-16 14:56:00 INFO] load spacers: \t
[2025-07-16 14:56:01 INFO] load spacers: ,
[2025-07-16 14:56:02 INFO] load spacers: ;
[2025-07-16 14:56:03 INFO] load spacers: ,
[2025-07-16 14:57:07 INFO] environment: StarRocks(Tencent Cloud) SR-ADHOC
[2025-07-16 14:57:09 INFO] environment: StarRocks(Tencent Cloud) SR-ADHOC
[2025-07-16 14:57:09 INFO] ready.
[2025-07-16 14:57:17 INFO] environment: StarRocks(Tencent Cloud) SR-QA
[2025-07-16 14:57:18 INFO] environment: StarRocks(Tencent Cloud) SR-ADHOC
[2025-07-16 14:58:45 INFO] environment: StarRocks(Tencent Cloud) SR-ADHOC
[2025-07-16 14:58:49 INFO] environment: StarRocks(Tencent Cloud) SR-ADHOC
[2025-07-16 14:58:49 INFO] ready.
[2025-07-16 14:59:28 INFO] environment: StarRocks(Tencent Cloud) SR-QA
[2025-07-16 14:59:29 INFO] environment: StarRocks(Tencent Cloud) SR-ADHOC
[2025-07-16 14:59:35 WARN] please select a datafile
[2025-07-16 14:59:36 WARN] please select a datafile
[2025-07-16 14:59:36 WARN] please select a datafile
[2025-07-16 14:59:37 WARN] please select a datafile
[2025-07-16 14:59:37 WARN] please select a datafile
[2025-07-16 14:59:38 WARN] please select a datafile
[2025-07-16 14:59:39 WARN] please select a datafile
[2025-07-16 14:59:39 WARN] please select a datafile
[2025-07-16 15:00:55 INFO] environment: StarRocks(Tencent Cloud) SR-ADHOC
[2025-07-16 15:01:04 INFO] environment: StarRocks(Tencent Cloud) SR-ADHOC
[2025-07-16 15:01:04 INFO] ready.
[2025-07-16 15:03:04 INFO] environment: StarRocks(Tencent Cloud) SR-ADHOC
[2025-07-16 15:03:16 INFO] environment: StarRocks(Tencent Cloud) SR-ADHOC
[2025-07-16 15:03:16 INFO] ready.
[2025-07-16 15:03:26 INFO] json strip_outer_array: true
[2025-07-16 15:03:26 INFO] json strip_outer_array: false
[2025-07-16 15:03:27 INFO] json strip_outer_array: 
[2025-07-16 15:03:28 INFO] json strip_outer_array: false
[2025-07-16 15:11:15 INFO] environment: StarRocks(Tencent Cloud) SR-ADHOC
[2025-07-16 15:11:19 INFO] file format: json
[2025-07-16 15:11:20 INFO] file format: textfile
[2025-07-16 15:11:21 INFO] json strip_outer_array: true
[2025-07-16 15:11:21 INFO] load spacers: ,
[2025-07-16 15:21:06 INFO] environment: StarRocks(Tencent Cloud) SR-ADHOC
[2025-07-16 15:21:11 INFO] environment: StarRocks(Tencent Cloud) SR-ADHOC
[2025-07-16 15:21:11 INFO] ready.
[2025-07-16 15:25:09 INFO] environment: StarRocks(Tencent Cloud) SR-ADHOC
[2025-07-16 15:25:09 INFO] ready.
[2025-07-16 15:43:10 INFO] ready.
[2025-07-16 15:43:10 INFO] environment: StarRocks(Tencent Cloud) SR-ADHOC
[2025-07-16 15:44:01 INFO] file format: textfile
[2025-07-16 15:44:04 INFO] json strip_outer_array: false
[2025-07-16 15:44:04 INFO] load spacers: ,
[2025-07-16 15:44:11 INFO] datafile: C:/Users/c0l0f9l/Music/data.txt
[2025-07-16 15:44:53 INFO] spacers: ,
[2025-07-16 15:44:53 INFO] max filter ratio: 0
[2025-07-16 15:46:01 INFO] login...
[2025-07-16 15:46:01 INFO] analysis...
[2025-07-16 15:46:01 INFO] demo.starload_debug
[2025-07-16 15:46:01 INFO] loading...
[2025-07-16 15:46:01 INFO] demo.starload_debug
[2025-07-16 15:46:01 INFO] C:/Users/c0l0f9l/Music/data.txt
[2025-07-16 15:46:01 INFO] on going...
[2025-07-16 15:46:01 INFO] C:/Users/c0l0f9l/Music/data.txt
[2025-07-16 15:46:01 INFO] {"Name":"data.txt","Size":61771736,"ModTime":"2025-07-14 15:34:45","Model":"text/plain; charset=utf-8","Count":499774}
[2025-07-16 15:46:01 INFO] 37.4827ms
[2025-07-16 15:46:01 INFO] textfile.
[2025-07-16 15:46:02 INFO] loading...
[2025-07-16 15:46:03 INFO] loading...
[2025-07-16 15:46:04 INFO] loading...
[2025-07-16 15:46:05 INFO] loading...
[2025-07-16 15:46:06 INFO] loading...
[2025-07-16 15:46:07 INFO] loading...
[2025-07-16 15:46:08 INFO] loading...
[2025-07-16 15:46:09 INFO] loading...
[2025-07-16 15:46:10 INFO] loading...
[2025-07-16 15:46:10 INFO] http://sr-adhoc.cn.wal-mart.com:8030/api/demo/starload_debug/_stream_load
[2025-07-16 15:46:10 INFO] 导入成功.
[2025-07-16 15:46:10 INFO] {
    "TxnId": 411839945,
    "Label": "starload-af49d2a9-3da6-4785-89d2-05374b466897",
    "Status": "Success",
    "Message": "OK",
    "NumberTotalRows": 499778,
    "NumberLoadedRows": 499778,
    "NumberFilteredRows": 0,
    "NumberUnselectedRows": 0,
    "LoadBytes": 61771736,
    "LoadTimeMs": 9146,
    "BeginTxnTimeMs": 0,
    "StreamLoadPlanTimeMs": 1,
    "ReadDataTimeMs": 145,
    "WriteDataTimeMs": 7915,
    "CommitAndPublishTimeMs": 1228
}
[2025-07-16 15:46:10 INFO] Total Time:9.2767834s
[2025-07-16 15:46:11 INFO] finished.
[2025-07-16 15:48:02 INFO] cancel...
[2025-07-16 15:48:06 INFO] datafile: C:/Users/c0l0f9l/Music/d1.txt
[2025-07-16 15:48:07 INFO] max filter ratio: 0
[2025-07-16 15:48:07 INFO] the account password is loaded from the cache
[2025-07-16 15:48:07 INFO] C:/Users/c0l0f9l/Music/d1.txt
[2025-07-16 15:48:07 INFO] demo.starload_debug
[2025-07-16 15:48:07 INFO] loading...
[2025-07-16 15:48:07 INFO] spacers: ,
[2025-07-16 15:48:07 INFO] analysis...
[2025-07-16 15:48:08 INFO] {"Name":"d1.txt","Size":185315208,"ModTime":"2025-07-15 14:13:21","Model":"text/plain; charset=utf-8","Count":1499330}
[2025-07-16 15:48:08 ERROR] 单文件大小不得超过100MB
[2025-07-16 15:48:08 INFO] finished.
[2025-07-16 17:25:58 INFO] environment: StarRocks(Tencent Cloud) SR-ADHOC
[2025-07-16 17:25:58 INFO] ready.
[2025-07-16 17:26:02 ERROR] config db is null
[2025-07-16 17:26:05 INFO] environment: StarRocks(Tencent Cloud) SR-ADHOC
[2025-07-16 17:26:05 INFO] ready.
[2025-07-16 17:31:07 INFO] 380070
[2025-07-16 17:31:12 INFO] environment: StarRocks(Tencent Cloud) SR-ADHOC
[2025-07-16 17:31:12 INFO] ready.
[2025-07-16 17:34:40 INFO] 380070
[2025-07-16 17:35:45 INFO] environment: StarRocks(Tencent Cloud) SR-ADHOC
[2025-07-16 17:35:45 INFO] ready.
[2025-07-16 17:35:47 INFO] file format: textfile
[2025-07-16 17:35:48 INFO] file format: json
[2025-07-16 17:36:14 INFO] load spacers: ^
[2025-07-16 17:36:14 INFO] load spacers: ;
[2025-07-16 17:36:15 INFO] load spacers: ,
[2025-07-16 17:36:16 INFO] load spacers: \t
[2025-07-16 17:41:22 INFO] environment: StarRocks(Tencent Cloud) SR-ADHOC
[2025-07-16 17:41:22 INFO] ready.
[2025-07-16 17:47:14 INFO] environment: StarRocks(Tencent Cloud) SR-ADHOC
[2025-07-16 17:47:14 INFO] ready.
[2025-07-16 17:54:52 INFO] datafile: C:/Users/c0l0f9l/Music/data.csv
[2025-07-16 17:55:38 INFO] spacers: ,
[2025-07-16 17:55:38 INFO] max filter ratio: 0
[2025-07-16 17:56:44 INFO] login...
[2025-07-16 17:56:44 INFO] wm_ad_hoc.starload
[2025-07-16 17:56:44 INFO] C:/Users/c0l0f9l/Music/data.csv
[2025-07-16 17:56:44 INFO] loading...
[2025-07-16 17:56:44 INFO] on going...
[2025-07-16 17:56:44 INFO] wm_ad_hoc.starload
[2025-07-16 17:56:44 INFO] {"Name":"data.csv","Size":61771736,"ModTime":"2025-07-14 15:34:45","Model":"text/plain; charset=utf-8","Count":499774}
[2025-07-16 17:56:44 INFO] textfile.
[2025-07-16 17:56:44 INFO] analysis...
[2025-07-16 17:56:44 INFO] 78.3671ms
[2025-07-16 17:56:44 INFO] C:/Users/c0l0f9l/Music/data.csv
[2025-07-16 17:56:45 INFO] loading...
[2025-07-16 17:56:46 INFO] loading...
[2025-07-16 17:56:47 INFO] loading...
[2025-07-16 17:56:48 INFO] loading...
[2025-07-16 17:56:49 INFO] loading...
[2025-07-16 17:56:50 INFO] loading...
[2025-07-16 17:56:51 INFO] loading...
[2025-07-16 17:56:52 INFO] loading...
[2025-07-16 17:56:53 INFO] loading...
[2025-07-16 17:56:54 INFO] loading...
[2025-07-16 17:56:55 INFO] loading...
[2025-07-16 17:56:55 INFO] {
    "TxnId": 411877503,
    "Label": "starload-0ed7a35d-88ca-418e-856a-2ffe2816d5df",
    "Status": "Success",
    "Message": "OK",
    "NumberTotalRows": 499778,
    "NumberLoadedRows": 499778,
    "NumberFilteredRows": 0,
    "NumberUnselectedRows": 0,
    "LoadBytes": 61771736,
    "LoadTimeMs": 9711,
    "BeginTxnTimeMs": 982,
    "StreamLoadPlanTimeMs": 4,
    "ReadDataTimeMs": 3405,
    "WriteDataTimeMs": 7321,
    "CommitAndPublishTimeMs": 1393
}
[2025-07-16 17:56:55 INFO] http://sr-adhoc.cn.wal-mart.com:8030/api/wm_ad_hoc/starload/_stream_load
[2025-07-16 17:56:55 INFO] Total Time:11.0727729s
[2025-07-16 17:56:55 INFO] 导入成功.
[2025-07-16 17:56:56 INFO] finished.
[2025-07-16 20:20:29 INFO] environment: StarRocks(Tencent Cloud) SR-ADHOC
[2025-07-16 20:20:29 INFO] ready.
[2025-07-16 20:20:34 INFO] datafile: C:/Users/c0l0f9l/Music/data.csv
[2025-07-16 20:20:36 INFO] 98143234,980081759,5,14,86"LG4K电视D.       ,86UP8100PCB         ,1X1   ,1     ,A,20,0514,0289800817590,LG电视      
98143234,980081759,5,14,86"LG4K电视D.       ,86UP8100PCB         ,1X1   ,1     ,A,20,0514,0289800817590,LG电视      
98143234,980081759,5,14,86"LG4K电视D.       ,86UP8100PCB         ,1X1   ,1     ,A,20,0514,0289800817590,LG电视      
98143234,980081759,5,14,86"LG4K电视D.       ,86UP8100PCB         ,1X1   ,1     ,A,20,0514,0289800817590,LG电视      
98149676,980081780,23,22,TNF印花短袖1X       ,白L                 ,      ,      ,I,22,2322,0019490148583,短袖T恤     
[2025-07-16 20:20:50 INFO] 98143234,980081759,5,14,86"LG4K电视D.       ,86UP8100PCB         ,1X1   ,1     ,A,20,0514,0289800817590,LG电视      
98143234,980081759,5,14,86"LG4K电视D.       ,86UP8100PCB         ,1X1   ,1     ,A,20,0514,0289800817590,LG电视      
98143234,980081759,5,14,86"LG4K电视D.       ,86UP8100PCB         ,1X1   ,1     ,A,20,0514,0289800817590,LG电视      
98143234,980081759,5,14,86"LG4K电视D.       ,86UP8100PCB         ,1X1   ,1     ,A,20,0514,0289800817590,LG电视      
98149676,980081780,23,22,TNF印花短袖1X       ,白L                 ,      ,      ,I,22,2322,0019490148583,短袖T恤     
[2025-07-16 20:20:50 INFO] 98143234,980081759,5,14,86"LG4K电视D.       ,86UP8100PCB         ,1X1   ,1     ,A,20,0514,0289800817590,LG电视      
98143234,980081759,5,14,86"LG4K电视D.       ,86UP8100PCB         ,1X1   ,1     ,A,20,0514,0289800817590,LG电视      
98143234,980081759,5,14,86"LG4K电视D.       ,86UP8100PCB         ,1X1   ,1     ,A,20,0514,0289800817590,LG电视      
98143234,980081759,5,14,86"LG4K电视D.       ,86UP8100PCB         ,1X1   ,1     ,A,20,0514,0289800817590,LG电视      
98149676,980081780,23,22,TNF印花短袖1X       ,白L                 ,      ,      ,I,22,2322,0019490148583,短袖T恤     
[2025-07-16 20:22:53 INFO] environment: StarRocks(Tencent Cloud) SR-ADHOC
[2025-07-16 20:22:53 INFO] ready.
[2025-07-16 20:23:00 INFO] datafile: C:/Users/c0l0f9l/Music/data.csv
[2025-07-16 20:23:02 INFO] preview the first 5 rows of data
98143234,980081759,5,14,86"LG4K电视D.       ,86UP8100PCB         ,1X1   ,1     ,A,20,0514,0289800817590,LG电视      
98143234,980081759,5,14,86"LG4K电视D.       ,86UP8100PCB         ,1X1   ,1     ,A,20,0514,0289800817590,LG电视      
98143234,980081759,5,14,86"LG4K电视D.       ,86UP8100PCB         ,1X1   ,1     ,A,20,0514,0289800817590,LG电视      
98143234,980081759,5,14,86"LG4K电视D.       ,86UP8100PCB         ,1X1   ,1     ,A,20,0514,0289800817590,LG电视      
98149676,980081780,23,22,TNF印花短袖1X       ,白L                 ,      ,      ,I,22,2322,0019490148583,短袖T恤     
[2025-07-16 20:23:58 INFO] preview the first 5 rows of data
98143234,980081759,5,14,86"LG4K电视D.       ,86UP8100PCB         ,1X1   ,1     ,A,20,0514,0289800817590,LG电视      
98143234,980081759,5,14,86"LG4K电视D.       ,86UP8100PCB         ,1X1   ,1     ,A,20,0514,0289800817590,LG电视      
98143234,980081759,5,14,86"LG4K电视D.       ,86UP8100PCB         ,1X1   ,1     ,A,20,0514,0289800817590,LG电视      
98143234,980081759,5,14,86"LG4K电视D.       ,86UP8100PCB         ,1X1   ,1     ,A,20,0514,0289800817590,LG电视      
98149676,980081780,23,22,TNF印花短袖1X       ,白L                 ,      ,      ,I,22,2322,0019490148583,短袖T恤     
[2025-07-16 20:25:39 INFO] environment: StarRocks(Tencent Cloud) SR-ADHOC
[2025-07-16 20:25:39 INFO] ready.
[2025-07-16 20:25:45 WARN] please select a datafile
[2025-07-16 20:25:45 WARN] please select a datafile
[2025-07-16 20:25:46 WARN] please select a datafile
[2025-07-16 20:25:46 WARN] please select a datafile
[2025-07-16 20:25:47 WARN] please select a datafile
[2025-07-16 20:25:47 WARN] please select a datafile
[2025-07-16 20:25:47 WARN] please select a datafile
[2025-07-16 20:25:49 WARN] please select a datafile
[2025-07-16 20:26:09 INFO] datafile: C:/Users/c0l0f9l/Music/1.json
[2025-07-16 20:26:10 INFO] preview the first 5 rows of data
[
    {"category":"C++","author":"avc","title":"C++ primer","price":89.5},
    {"category":"Java","author":"avc","title":"Effective Java","price":95},
    {"category":"Linux","author":"avc","title":"Linux kernel","price":195}
]
[2025-07-16 20:26:17 INFO] datafile: C:/Users/c0l0f9l/Music/2.json
[2025-07-16 20:26:18 INFO] preview the first 5 rows of data
{"category":"C++","author":"avc","title":"C++ primer","price":895}
[2025-07-16 20:26:19 INFO] preview the first 5 rows of data
{"category":"C++","author":"avc","title":"C++ primer","price":895}
[2025-07-16 20:26:20 INFO] preview the first 5 rows of data
{"category":"C++","author":"avc","title":"C++ primer","price":895}
[2025-07-16 20:26:20 INFO] preview the first 5 rows of data
{"category":"C++","author":"avc","title":"C++ primer","price":895}
[2025-07-16 20:26:40 INFO] cancel...
[2025-07-16 20:28:46 INFO] environment: StarRocks(Tencent Cloud) SR-ADHOC
[2025-07-16 20:28:46 INFO] ready.
[2025-07-16 20:29:00 WARN] please select a datafile
[2025-07-16 20:29:01 WARN] please select a datafile
[2025-07-16 20:29:01 WARN] please select a datafile
[2025-07-16 20:29:02 WARN] please select a datafile
[2025-07-16 20:29:57 INFO] datafile: C:/Users/c0l0f9l/Desktop/StarRocks 3.1.12版本应用漏洞.xlsx
[2025-07-16 20:30:01 INFO] preview the first 5 rows of data
PK     ! b�h^  �   [Content_Types].xml �(�                                                                                                                                                                                                                                                                                                                                                                                                                                                                                                                                 ���N�0E�H�C�-Jܲ@5��*Q>�ēƪc[�ii����B�j7���{2��h�nm���ƻR����U^7/���%��rZY�@1__�f� �q��R4D�AJ�h>����V�ƹ�Z�9����NV�8ʩ����ji){^��-I�"{�v^�P!XS)bR�r��K�s(�3�`c�0��������7M4�����ZƐk+�|\|z�(���P��6h_-[�@�!��� Pk���2n�}�?�L��� ��%���d����dN"m,�ǞDO97*�~��ɸ8�O�c|n���E������B��!$}�����;{���[����2�  �� PK     ! �U0#�   L   _rels/.rels �(�                                                                                                                                                                                                                                                                                                                                                                                                                                                                                                                                 ��MO�0��H�����ݐBKwAH�!T~�I����$ݿ'T�G�~����<���!��4��;#�w����qu*&r�Fq���v�����GJy(v��*����K��#F��D��.W	��=��Z�MY�b���BS�����7��ϛז��?�9L�ҙ�sbgٮ|�l!��USh9i�b�r:"y_dl��D���|-N��R"4�2�G�%��Z�4�˝y�7	ë��ɂ���  �� PK     ! F���  �     xl/workbook.xml�U]o�0}����=MB����6�~� U�1�"�3����}�	�R^�v�q�}|ν'���.Ϭ'&E����,VP��b��ۉ�E�ҤHH&
�g��U���˭��k 
�T�2tES�u!JV@d)dN4��Q�d$Q)c:��u''�@5B(?�!�KNY,�&g��A$ˈ�*�j�r���������K�X����
Y9��BH��@�����_ �B�5;A�l��S)�X��vj�g���`|���y>��;�=qS�+|�Up�
�`��2kU^	!y�Dk�y������k���MrS�YQz�p͒u`(��� T�M9���^'����<�0��2�dA4�B���Կj�
[2025-07-16 20:35:48 INFO] environment: StarRocks(Tencent Cloud) SR-ADHOC
[2025-07-16 20:35:48 INFO] ready.
[2025-07-16 20:36:13 INFO] datafile: C:/Users/c0l0f9l/Desktop/StarRocks 3.1.12版本应用漏洞.xlsx
[2025-07-16 20:36:14 INFO] reading file...
[2025-07-16 20:36:14 INFO] preview the first 5 rows of data
PK     ! b�h^  �   [Content_Types].xml �(�                                                                                                                                                                                                                                                                                                                                                                                                                                                                                                                                 ���N�0E�H�C�-Jܲ@5��*Q>�ēƪc[�ii����B�j7���{2��h�nm���ƻR����U^7/���%��rZY�@1__�f� �q��R4D�AJ�h>����V�ƹ�Z�9����NV�8ʩ����ji){^��-I�"{�v^�P!XS)bR�r��K�s(�3�`c�0��������7M4�����ZƐk+�|\|z�(���P��6h_-[�@�!��� Pk���2n�}�?�L��� ��%���d����dN"m,�ǞDO97*�~��ɸ8�O�c|n���E������B��!$}�����;{���[����2�  �� PK     ! �U0#�   L   _rels/.rels �(�                                                                                                                                                                                                                                                                                                                                                                                                                                                                                                                                 ��MO�0��H�����ݐBKwAH�!T~�I����$ݿ'T�G�~����<���!��4��;#�w����qu*&r�Fq���v�����GJy(v��*����K��#F��D��.W	��=��Z�MY�b���BS�����7��ϛז��?�9L�ҙ�sbgٮ|�l!��USh9i�b�r:"y_dl��D���|-N��R"4�2�G�%��Z�4�˝y�7	ë��ɂ���  �� PK     ! F���  �     xl/workbook.xml�U]o�0}����=MB����6�~� U�1�"�3����}�	�R^�v�q�}|ν'���.Ϭ'&E����,VP��b��ۉ�E�ҤHH&
�g��U���˭��k 
�T�2tES�u!JV@d)dN4��Q�d$Q)c:��u''�@5B(?�!�KNY,�&g��A$ˈ�*�j�r���������K�X����
Y9��BH��@�����_ �B�5;A�l��S)�X��vj�g���`|���y>��;�=qS�+|�Up�
�`��2kU^	!y�Dk�y������k���MrS�YQz�p͒u`(��� T�M9���^'����<�0��2�dA4�B���Կj�
[2025-07-16 20:36:15 INFO] done.
[2025-07-16 20:37:55 INFO] environment: StarRocks(Tencent Cloud) SR-ADHOC
[2025-07-16 20:37:55 INFO] ready.
[2025-07-16 20:38:09 INFO] datafile: C:/Users/c0l0f9l/Desktop/StarRocks 3.1.12版本应用漏洞.xlsx
[2025-07-16 20:38:11 INFO] reading file...
[2025-07-16 20:38:11 INFO] preview the first 5 rows of data
PK     ! b�h^  �   [Content_Types].xml �(�                                                                                                                                                                                                                                                                                                                                                                                                                                                                                                                                 ���N�0E�H�C�-Jܲ@5��*Q>�ēƪc[�ii����B�j7���{2��h�nm���ƻR����U^7/���%��rZY�@1__�f� �q��R4D�AJ�h>����V�ƹ�Z�9����NV�8ʩ����ji){^��-I�"{�v^�P!XS)bR�r��K�s(�3�`c�0��������7M4�����ZƐk+�|\|z�(���P��6h_-[�@�!��� Pk���2n�}�?�L��� ��%���d����dN"m,�ǞDO97*�~��ɸ8�O�c|n���E������B��!$}�����;{���[����2�  �� PK     ! �U0#�   L   _rels/.rels �(�                                                                                                                                                                                                                                                                                                                                                                                                                                                                                                                                 ��MO�0��H�����ݐBKwAH�!T~�I����$ݿ'T�G�~����<���!��4��;#�w����qu*&r�Fq���v�����GJy(v��*����K��#F��D��.W	��=��Z�MY�b���BS�����7��ϛז��?�9L�ҙ�sbgٮ|�l!��USh9i�b�r:"y_dl��D���|-N��R"4�2�G�%��Z�4�˝y�7	ë��ɂ���  �� PK     ! F���  �     xl/workbook.xml�U]o�0}����=MB����6�~� U�1�"�3����}�	�R^�v�q�}|ν'���.Ϭ'&E����,VP��b��ۉ�E�ҤHH&
�g��U���˭��k 
�T�2tES�u!JV@d)dN4��Q�d$Q)c:��u''�@5B(?�!�KNY,�&g��A$ˈ�*�j�r���������K�X����
Y9��BH��@�����_ �B�5;A�l��S)�X��vj�g���`|���y>��;�=qS�+|�Up�
�`��2kU^	!y�Dk�y������k���MrS�YQz�p͒u`(��� T�M9���^'����<�0��2�dA4�B���Կj�
[2025-07-16 20:38:12 INFO] done.
[2025-07-16 20:39:55 INFO] environment: StarRocks(Tencent Cloud) SR-ADHOC
[2025-07-16 20:39:55 INFO] ready.
[2025-07-16 20:40:18 WARN] please select a datafile
[2025-07-16 20:40:28 INFO] datafile: C:/Users/c0l0f9l/Desktop/2024-07-26_starrocks_sr-app集群_compl主题域_不规范数据表_1721971259022199.csv
[2025-07-16 20:40:30 INFO] reading file...
[2025-07-16 20:40:30 INFO] preview the first 5 rows of data
﻿库名,表名,主题域,类型,建表模型,注释,创建时间,数据量,总容量/MB,总容量/单位,责任人,总分区数,实际分区数(有数据),空存储分区数(无数据),空存储分区范围,总副本数,副本数,分桶数,总副本数平均差,总副本数标准差,备注
dwd,dwd_compl_swa_qst_result_dtl_f,compl,OLAP,DUPLICATE KEY,dwd_ops_check_swa_qst_result_dtl_df,2024-05-08 13:30:40,21506213,1812.48,1.770 GB,e0h05xh,1,1,0,,3,3,1,604.10,0.00,"💬分桶数过小，表总大小1.770 GB，其中最大的分区1GB，按照分区1GB=1BUCKETS原则，原BUCKETS 1将会导致底层数据分片均衡倾斜，查询性能降低，调整方法：创建新表,新表属性BUCKETS 4 -> 旧表数据写入新表 -> 对比新表旧表数据量 -> 旧表重命名 -> 新表重命名 -> 删除旧表。


-- 无论删除表或分区,请带上force,跳过回收站.
[2025-07-16 20:40:31 INFO] done.
[2025-07-16 20:40:49 INFO] reading file...
[2025-07-16 20:40:49 INFO] preview the first 5 rows of data
﻿库名,表名,主题域,类型,建表模型,注释,创建时间,数据量,总容量/MB,总容量/单位,责任人,总分区数,实际分区数(有数据),空存储分区数(无数据),空存储分区范围,总副本数,副本数,分桶数,总副本数平均差,总副本数标准差,备注
dwd,dwd_compl_swa_qst_result_dtl_f,compl,OLAP,DUPLICATE KEY,dwd_ops_check_swa_qst_result_dtl_df,2024-05-08 13:30:40,21506213,1812.48,1.770 GB,e0h05xh,1,1,0,,3,3,1,604.10,0.00,"💬分桶数过小，表总大小1.770 GB，其中最大的分区1GB，按照分区1GB=1BUCKETS原则，原BUCKETS 1将会导致底层数据分片均衡倾斜，查询性能降低，调整方法：创建新表,新表属性BUCKETS 4 -> 旧表数据写入新表 -> 对比新表旧表数据量 -> 旧表重命名 -> 新表重命名 -> 删除旧表。


-- 无论删除表或分区,请带上force,跳过回收站.
[2025-07-16 20:40:50 INFO] done.
[2025-07-16 20:40:50 INFO] reading file...
[2025-07-16 20:40:50 INFO] preview the first 5 rows of data
﻿库名,表名,主题域,类型,建表模型,注释,创建时间,数据量,总容量/MB,总容量/单位,责任人,总分区数,实际分区数(有数据),空存储分区数(无数据),空存储分区范围,总副本数,副本数,分桶数,总副本数平均差,总副本数标准差,备注
dwd,dwd_compl_swa_qst_result_dtl_f,compl,OLAP,DUPLICATE KEY,dwd_ops_check_swa_qst_result_dtl_df,2024-05-08 13:30:40,21506213,1812.48,1.770 GB,e0h05xh,1,1,0,,3,3,1,604.10,0.00,"💬分桶数过小，表总大小1.770 GB，其中最大的分区1GB，按照分区1GB=1BUCKETS原则，原BUCKETS 1将会导致底层数据分片均衡倾斜，查询性能降低，调整方法：创建新表,新表属性BUCKETS 4 -> 旧表数据写入新表 -> 对比新表旧表数据量 -> 旧表重命名 -> 新表重命名 -> 删除旧表。


-- 无论删除表或分区,请带上force,跳过回收站.
[2025-07-16 20:40:51 INFO] done.
[2025-07-16 20:42:39 INFO] environment: StarRocks(Tencent Cloud) SR-ADHOC
[2025-07-16 20:42:39 INFO] ready.
[2025-07-16 20:43:13 INFO] datafile: C:/Users/c0l0f9l/Desktop/2024-07-26_starrocks_sr-app集群_user主题域_不规范数据表_1721971258980172.csv
[2025-07-16 20:43:15 INFO] preview top 10
﻿库名,表名,主题域,类型,建表模型,注释,创建时间,数据量,总容量/MB,总容量/单位,责任人,总分区数,实际分区数(有数据),空存储分区数(无数据),空存储分区范围,总副本数,副本数,分桶数,总副本数平均差,总副本数标准差,备注
dim_secure,dim_user_sams_member_df,user,OLAP,DUPLICATE KEY,山姆会员维表,2024-04-07 14:04:34,29098270,16132.10,15.754 GB,j0j0dwm,1,1,0,,27,3,9,597.42,0.32,"💬分桶数过小，表总大小15.754 GB，其中最大的分区15GB，按照分区1GB=1BUCKETS原则，原BUCKETS 9将会导致底层数据分片均衡倾斜，查询性能降低，调整方法：创建新表,新表属性BUCKETS 18 -> 旧表数据写入新表 -> 对比新表旧表数据量 -> 旧表重命名 -> 新表重命名 -> 删除旧表。


-- 无论删除表或分区,请带上force,跳过回收站.
【-建议-】
（建议）1.drop table force
（建议）2.alter table drop partition force

-- 删表重建过程中，切勿先rename正式表再创建
[2025-07-16 20:43:37 INFO] cancel...
[2025-07-16 20:43:46 INFO] datafile: C:/Users/c0l0f9l/Music/data.csv
[2025-07-16 20:43:47 INFO] preview top 10
98143234,980081759,5,14,86"LG4K电视D.       ,86UP8100PCB         ,1X1   ,1     ,A,20,0514,0289800817590,LG电视      
98143234,980081759,5,14,86"LG4K电视D.       ,86UP8100PCB         ,1X1   ,1     ,A,20,0514,0289800817590,LG电视      
98143234,980081759,5,14,86"LG4K电视D.       ,86UP8100PCB         ,1X1   ,1     ,A,20,0514,0289800817590,LG电视      
98143234,980081759,5,14,86"LG4K电视D.       ,86UP8100PCB         ,1X1   ,1     ,A,20,0514,0289800817590,LG电视      
98149676,980081780,23,22,TNF印花短袖1X       ,白L                 ,      ,      ,I,22,2322,0019490148583,短袖T恤     
98149676,980081780,23,22,TNF印花短袖1X       ,白L                 ,      ,      ,I,22,2322,0019490148583,短袖T恤     
98149676,980081780,23,22,TNF印花短袖1X       ,白L                 ,      ,      ,I,22,2322,0019490148583,短袖T恤     
98149676,980081780,23,22,TNF印花短袖1X       ,白L                 ,      ,      ,I,22,2322,0019490148583,短袖T恤     
98378785,980081887,22,24,RL儿童T恤1X         ,绿L                 ,4X7   ,28    ,D,22,2224,0088585493121,RL短袖      
98378785,980081887,22,24,RL儿童T恤1X         ,绿L                 ,4X7   ,28    ,D,22,2224,0088585493121,RL短袖      
[2025-07-16 20:43:54 INFO] preview top 10
98143234,980081759,5,14,86"LG4K电视D.       ,86UP8100PCB         ,1X1   ,1     ,A,20,0514,0289800817590,LG电视      
98143234,980081759,5,14,86"LG4K电视D.       ,86UP8100PCB         ,1X1   ,1     ,A,20,0514,0289800817590,LG电视      
98143234,980081759,5,14,86"LG4K电视D.       ,86UP8100PCB         ,1X1   ,1     ,A,20,0514,0289800817590,LG电视      
98143234,980081759,5,14,86"LG4K电视D.       ,86UP8100PCB         ,1X1   ,1     ,A,20,0514,0289800817590,LG电视      
98149676,980081780,23,22,TNF印花短袖1X       ,白L                 ,      ,      ,I,22,2322,0019490148583,短袖T恤     
98149676,980081780,23,22,TNF印花短袖1X       ,白L                 ,      ,      ,I,22,2322,0019490148583,短袖T恤     
98149676,980081780,23,22,TNF印花短袖1X       ,白L                 ,      ,      ,I,22,2322,0019490148583,短袖T恤     
98149676,980081780,23,22,TNF印花短袖1X       ,白L                 ,      ,      ,I,22,2322,0019490148583,短袖T恤     
98378785,980081887,22,24,RL儿童T恤1X         ,绿L                 ,4X7   ,28    ,D,22,2224,0088585493121,RL短袖      
98378785,980081887,22,24,RL儿童T恤1X         ,绿L                 ,4X7   ,28    ,D,22,2224,0088585493121,RL短袖      
[2025-07-16 20:43:54 INFO] preview top 10
98143234,980081759,5,14,86"LG4K电视D.       ,86UP8100PCB         ,1X1   ,1     ,A,20,0514,0289800817590,LG电视      
98143234,980081759,5,14,86"LG4K电视D.       ,86UP8100PCB         ,1X1   ,1     ,A,20,0514,0289800817590,LG电视      
98143234,980081759,5,14,86"LG4K电视D.       ,86UP8100PCB         ,1X1   ,1     ,A,20,0514,0289800817590,LG电视      
98143234,980081759,5,14,86"LG4K电视D.       ,86UP8100PCB         ,1X1   ,1     ,A,20,0514,0289800817590,LG电视      
98149676,980081780,23,22,TNF印花短袖1X       ,白L                 ,      ,      ,I,22,2322,0019490148583,短袖T恤     
98149676,980081780,23,22,TNF印花短袖1X       ,白L                 ,      ,      ,I,22,2322,0019490148583,短袖T恤     
98149676,980081780,23,22,TNF印花短袖1X       ,白L                 ,      ,      ,I,22,2322,0019490148583,短袖T恤     
98149676,980081780,23,22,TNF印花短袖1X       ,白L                 ,      ,      ,I,22,2322,0019490148583,短袖T恤     
98378785,980081887,22,24,RL儿童T恤1X         ,绿L                 ,4X7   ,28    ,D,22,2224,0088585493121,RL短袖      
98378785,980081887,22,24,RL儿童T恤1X         ,绿L                 ,4X7   ,28    ,D,22,2224,0088585493121,RL短袖      
[2025-07-16 20:43:55 INFO] preview top 10
98143234,980081759,5,14,86"LG4K电视D.       ,86UP8100PCB         ,1X1   ,1     ,A,20,0514,0289800817590,LG电视      
98143234,980081759,5,14,86"LG4K电视D.       ,86UP8100PCB         ,1X1   ,1     ,A,20,0514,0289800817590,LG电视      
98143234,980081759,5,14,86"LG4K电视D.       ,86UP8100PCB         ,1X1   ,1     ,A,20,0514,0289800817590,LG电视      
98143234,980081759,5,14,86"LG4K电视D.       ,86UP8100PCB         ,1X1   ,1     ,A,20,0514,0289800817590,LG电视      
98149676,980081780,23,22,TNF印花短袖1X       ,白L                 ,      ,      ,I,22,2322,0019490148583,短袖T恤     
98149676,980081780,23,22,TNF印花短袖1X       ,白L                 ,      ,      ,I,22,2322,0019490148583,短袖T恤     
98149676,980081780,23,22,TNF印花短袖1X       ,白L                 ,      ,      ,I,22,2322,0019490148583,短袖T恤     
98149676,980081780,23,22,TNF印花短袖1X       ,白L                 ,      ,      ,I,22,2322,0019490148583,短袖T恤     
98378785,980081887,22,24,RL儿童T恤1X         ,绿L                 ,4X7   ,28    ,D,22,2224,0088585493121,RL短袖      
98378785,980081887,22,24,RL儿童T恤1X         ,绿L                 ,4X7   ,28    ,D,22,2224,0088585493121,RL短袖      
[2025-07-16 20:43:55 INFO] preview top 10
98143234,980081759,5,14,86"LG4K电视D.       ,86UP8100PCB         ,1X1   ,1     ,A,20,0514,0289800817590,LG电视      
98143234,980081759,5,14,86"LG4K电视D.       ,86UP8100PCB         ,1X1   ,1     ,A,20,0514,0289800817590,LG电视      
98143234,980081759,5,14,86"LG4K电视D.       ,86UP8100PCB         ,1X1   ,1     ,A,20,0514,0289800817590,LG电视      
98143234,980081759,5,14,86"LG4K电视D.       ,86UP8100PCB         ,1X1   ,1     ,A,20,0514,0289800817590,LG电视      
98149676,980081780,23,22,TNF印花短袖1X       ,白L                 ,      ,      ,I,22,2322,0019490148583,短袖T恤     
98149676,980081780,23,22,TNF印花短袖1X       ,白L                 ,      ,      ,I,22,2322,0019490148583,短袖T恤     
98149676,980081780,23,22,TNF印花短袖1X       ,白L                 ,      ,      ,I,22,2322,0019490148583,短袖T恤     
98149676,980081780,23,22,TNF印花短袖1X       ,白L                 ,      ,      ,I,22,2322,0019490148583,短袖T恤     
98378785,980081887,22,24,RL儿童T恤1X         ,绿L                 ,4X7   ,28    ,D,22,2224,0088585493121,RL短袖      
98378785,980081887,22,24,RL儿童T恤1X         ,绿L                 ,4X7   ,28    ,D,22,2224,0088585493121,RL短袖      
[2025-07-16 20:43:55 INFO] preview top 10
98143234,980081759,5,14,86"LG4K电视D.       ,86UP8100PCB         ,1X1   ,1     ,A,20,0514,0289800817590,LG电视      
98143234,980081759,5,14,86"LG4K电视D.       ,86UP8100PCB         ,1X1   ,1     ,A,20,0514,0289800817590,LG电视      
98143234,980081759,5,14,86"LG4K电视D.       ,86UP8100PCB         ,1X1   ,1     ,A,20,0514,0289800817590,LG电视      
98143234,980081759,5,14,86"LG4K电视D.       ,86UP8100PCB         ,1X1   ,1     ,A,20,0514,0289800817590,LG电视      
98149676,980081780,23,22,TNF印花短袖1X       ,白L                 ,      ,      ,I,22,2322,0019490148583,短袖T恤     
98149676,980081780,23,22,TNF印花短袖1X       ,白L                 ,      ,      ,I,22,2322,0019490148583,短袖T恤     
98149676,980081780,23,22,TNF印花短袖1X       ,白L                 ,      ,      ,I,22,2322,0019490148583,短袖T恤     
98149676,980081780,23,22,TNF印花短袖1X       ,白L                 ,      ,      ,I,22,2322,0019490148583,短袖T恤     
98378785,980081887,22,24,RL儿童T恤1X         ,绿L                 ,4X7   ,28    ,D,22,2224,0088585493121,RL短袖      
98378785,980081887,22,24,RL儿童T恤1X         ,绿L                 ,4X7   ,28    ,D,22,2224,0088585493121,RL短袖      
[2025-07-16 20:43:55 INFO] preview top 10
98143234,980081759,5,14,86"LG4K电视D.       ,86UP8100PCB         ,1X1   ,1     ,A,20,0514,0289800817590,LG电视      
98143234,980081759,5,14,86"LG4K电视D.       ,86UP8100PCB         ,1X1   ,1     ,A,20,0514,0289800817590,LG电视      
98143234,980081759,5,14,86"LG4K电视D.       ,86UP8100PCB         ,1X1   ,1     ,A,20,0514,0289800817590,LG电视      
98143234,980081759,5,14,86"LG4K电视D.       ,86UP8100PCB         ,1X1   ,1     ,A,20,0514,0289800817590,LG电视      
98149676,980081780,23,22,TNF印花短袖1X       ,白L                 ,      ,      ,I,22,2322,0019490148583,短袖T恤     
98149676,980081780,23,22,TNF印花短袖1X       ,白L                 ,      ,      ,I,22,2322,0019490148583,短袖T恤     
98149676,980081780,23,22,TNF印花短袖1X       ,白L                 ,      ,      ,I,22,2322,0019490148583,短袖T恤     
98149676,980081780,23,22,TNF印花短袖1X       ,白L                 ,      ,      ,I,22,2322,0019490148583,短袖T恤     
98378785,980081887,22,24,RL儿童T恤1X         ,绿L                 ,4X7   ,28    ,D,22,2224,0088585493121,RL短袖      
98378785,980081887,22,24,RL儿童T恤1X         ,绿L                 ,4X7   ,28    ,D,22,2224,0088585493121,RL短袖      
[2025-07-16 20:43:55 INFO] preview top 10
98143234,980081759,5,14,86"LG4K电视D.       ,86UP8100PCB         ,1X1   ,1     ,A,20,0514,0289800817590,LG电视      
98143234,980081759,5,14,86"LG4K电视D.       ,86UP8100PCB         ,1X1   ,1     ,A,20,0514,0289800817590,LG电视      
98143234,980081759,5,14,86"LG4K电视D.       ,86UP8100PCB         ,1X1   ,1     ,A,20,0514,0289800817590,LG电视      
98143234,980081759,5,14,86"LG4K电视D.       ,86UP8100PCB         ,1X1   ,1     ,A,20,0514,0289800817590,LG电视      
98149676,980081780,23,22,TNF印花短袖1X       ,白L                 ,      ,      ,I,22,2322,0019490148583,短袖T恤     
98149676,980081780,23,22,TNF印花短袖1X       ,白L                 ,      ,      ,I,22,2322,0019490148583,短袖T恤     
98149676,980081780,23,22,TNF印花短袖1X       ,白L                 ,      ,      ,I,22,2322,0019490148583,短袖T恤     
98149676,980081780,23,22,TNF印花短袖1X       ,白L                 ,      ,      ,I,22,2322,0019490148583,短袖T恤     
98378785,980081887,22,24,RL儿童T恤1X         ,绿L                 ,4X7   ,28    ,D,22,2224,0088585493121,RL短袖      
98378785,980081887,22,24,RL儿童T恤1X         ,绿L                 ,4X7   ,28    ,D,22,2224,0088585493121,RL短袖      
[2025-07-16 20:43:55 INFO] preview top 10
98143234,980081759,5,14,86"LG4K电视D.       ,86UP8100PCB         ,1X1   ,1     ,A,20,0514,0289800817590,LG电视      
98143234,980081759,5,14,86"LG4K电视D.       ,86UP8100PCB         ,1X1   ,1     ,A,20,0514,0289800817590,LG电视      
98143234,980081759,5,14,86"LG4K电视D.       ,86UP8100PCB         ,1X1   ,1     ,A,20,0514,0289800817590,LG电视      
98143234,980081759,5,14,86"LG4K电视D.       ,86UP8100PCB         ,1X1   ,1     ,A,20,0514,0289800817590,LG电视      
98149676,980081780,23,22,TNF印花短袖1X       ,白L                 ,      ,      ,I,22,2322,0019490148583,短袖T恤     
98149676,980081780,23,22,TNF印花短袖1X       ,白L                 ,      ,      ,I,22,2322,0019490148583,短袖T恤     
98149676,980081780,23,22,TNF印花短袖1X       ,白L                 ,      ,      ,I,22,2322,0019490148583,短袖T恤     
98149676,980081780,23,22,TNF印花短袖1X       ,白L                 ,      ,      ,I,22,2322,0019490148583,短袖T恤     
98378785,980081887,22,24,RL儿童T恤1X         ,绿L                 ,4X7   ,28    ,D,22,2224,0088585493121,RL短袖      
98378785,980081887,22,24,RL儿童T恤1X         ,绿L                 ,4X7   ,28    ,D,22,2224,0088585493121,RL短袖      
[2025-07-16 20:43:56 INFO] preview top 10
98143234,980081759,5,14,86"LG4K电视D.       ,86UP8100PCB         ,1X1   ,1     ,A,20,0514,0289800817590,LG电视      
98143234,980081759,5,14,86"LG4K电视D.       ,86UP8100PCB         ,1X1   ,1     ,A,20,0514,0289800817590,LG电视      
98143234,980081759,5,14,86"LG4K电视D.       ,86UP8100PCB         ,1X1   ,1     ,A,20,0514,0289800817590,LG电视      
98143234,980081759,5,14,86"LG4K电视D.       ,86UP8100PCB         ,1X1   ,1     ,A,20,0514,0289800817590,LG电视      
98149676,980081780,23,22,TNF印花短袖1X       ,白L                 ,      ,      ,I,22,2322,0019490148583,短袖T恤     
98149676,980081780,23,22,TNF印花短袖1X       ,白L                 ,      ,      ,I,22,2322,0019490148583,短袖T恤     
98149676,980081780,23,22,TNF印花短袖1X       ,白L                 ,      ,      ,I,22,2322,0019490148583,短袖T恤     
98149676,980081780,23,22,TNF印花短袖1X       ,白L                 ,      ,      ,I,22,2322,0019490148583,短袖T恤     
98378785,980081887,22,24,RL儿童T恤1X         ,绿L                 ,4X7   ,28    ,D,22,2224,0088585493121,RL短袖      
98378785,980081887,22,24,RL儿童T恤1X         ,绿L                 ,4X7   ,28    ,D,22,2224,0088585493121,RL短袖      
[2025-07-16 20:43:56 INFO] preview top 10
98143234,980081759,5,14,86"LG4K电视D.       ,86UP8100PCB         ,1X1   ,1     ,A,20,0514,0289800817590,LG电视      
98143234,980081759,5,14,86"LG4K电视D.       ,86UP8100PCB         ,1X1   ,1     ,A,20,0514,0289800817590,LG电视      
98143234,980081759,5,14,86"LG4K电视D.       ,86UP8100PCB         ,1X1   ,1     ,A,20,0514,0289800817590,LG电视      
98143234,980081759,5,14,86"LG4K电视D.       ,86UP8100PCB         ,1X1   ,1     ,A,20,0514,0289800817590,LG电视      
98149676,980081780,23,22,TNF印花短袖1X       ,白L                 ,      ,      ,I,22,2322,0019490148583,短袖T恤     
98149676,980081780,23,22,TNF印花短袖1X       ,白L                 ,      ,      ,I,22,2322,0019490148583,短袖T恤     
98149676,980081780,23,22,TNF印花短袖1X       ,白L                 ,      ,      ,I,22,2322,0019490148583,短袖T恤     
98149676,980081780,23,22,TNF印花短袖1X       ,白L                 ,      ,      ,I,22,2322,0019490148583,短袖T恤     
98378785,980081887,22,24,RL儿童T恤1X         ,绿L                 ,4X7   ,28    ,D,22,2224,0088585493121,RL短袖      
98378785,980081887,22,24,RL儿童T恤1X         ,绿L                 ,4X7   ,28    ,D,22,2224,0088585493121,RL短袖      
[2025-07-16 20:43:56 INFO] preview top 10
98143234,980081759,5,14,86"LG4K电视D.       ,86UP8100PCB         ,1X1   ,1     ,A,20,0514,0289800817590,LG电视      
98143234,980081759,5,14,86"LG4K电视D.       ,86UP8100PCB         ,1X1   ,1     ,A,20,0514,0289800817590,LG电视      
98143234,980081759,5,14,86"LG4K电视D.       ,86UP8100PCB         ,1X1   ,1     ,A,20,0514,0289800817590,LG电视      
98143234,980081759,5,14,86"LG4K电视D.       ,86UP8100PCB         ,1X1   ,1     ,A,20,0514,0289800817590,LG电视      
98149676,980081780,23,22,TNF印花短袖1X       ,白L                 ,      ,      ,I,22,2322,0019490148583,短袖T恤     
98149676,980081780,23,22,TNF印花短袖1X       ,白L                 ,      ,      ,I,22,2322,0019490148583,短袖T恤     
98149676,980081780,23,22,TNF印花短袖1X       ,白L                 ,      ,      ,I,22,2322,0019490148583,短袖T恤     
98149676,980081780,23,22,TNF印花短袖1X       ,白L                 ,      ,      ,I,22,2322,0019490148583,短袖T恤     
98378785,980081887,22,24,RL儿童T恤1X         ,绿L                 ,4X7   ,28    ,D,22,2224,0088585493121,RL短袖      
98378785,980081887,22,24,RL儿童T恤1X         ,绿L                 ,4X7   ,28    ,D,22,2224,0088585493121,RL短袖      
[2025-07-16 20:43:56 INFO] preview top 10
98143234,980081759,5,14,86"LG4K电视D.       ,86UP8100PCB         ,1X1   ,1     ,A,20,0514,0289800817590,LG电视      
98143234,980081759,5,14,86"LG4K电视D.       ,86UP8100PCB         ,1X1   ,1     ,A,20,0514,0289800817590,LG电视      
98143234,980081759,5,14,86"LG4K电视D.       ,86UP8100PCB         ,1X1   ,1     ,A,20,0514,0289800817590,LG电视      
98143234,980081759,5,14,86"LG4K电视D.       ,86UP8100PCB         ,1X1   ,1     ,A,20,0514,0289800817590,LG电视      
98149676,980081780,23,22,TNF印花短袖1X       ,白L                 ,      ,      ,I,22,2322,0019490148583,短袖T恤     
98149676,980081780,23,22,TNF印花短袖1X       ,白L                 ,      ,      ,I,22,2322,0019490148583,短袖T恤     
98149676,980081780,23,22,TNF印花短袖1X       ,白L                 ,      ,      ,I,22,2322,0019490148583,短袖T恤     
98149676,980081780,23,22,TNF印花短袖1X       ,白L                 ,      ,      ,I,22,2322,0019490148583,短袖T恤     
98378785,980081887,22,24,RL儿童T恤1X         ,绿L                 ,4X7   ,28    ,D,22,2224,0088585493121,RL短袖      
98378785,980081887,22,24,RL儿童T恤1X         ,绿L                 ,4X7   ,28    ,D,22,2224,0088585493121,RL短袖      
[2025-07-16 20:43:56 INFO] preview top 10
98143234,980081759,5,14,86"LG4K电视D.       ,86UP8100PCB         ,1X1   ,1     ,A,20,0514,0289800817590,LG电视      
98143234,980081759,5,14,86"LG4K电视D.       ,86UP8100PCB         ,1X1   ,1     ,A,20,0514,0289800817590,LG电视      
98143234,980081759,5,14,86"LG4K电视D.       ,86UP8100PCB         ,1X1   ,1     ,A,20,0514,0289800817590,LG电视      
98143234,980081759,5,14,86"LG4K电视D.       ,86UP8100PCB         ,1X1   ,1     ,A,20,0514,0289800817590,LG电视      
98149676,980081780,23,22,TNF印花短袖1X       ,白L                 ,      ,      ,I,22,2322,0019490148583,短袖T恤     
98149676,980081780,23,22,TNF印花短袖1X       ,白L                 ,      ,      ,I,22,2322,0019490148583,短袖T恤     
98149676,980081780,23,22,TNF印花短袖1X       ,白L                 ,      ,      ,I,22,2322,0019490148583,短袖T恤     
98149676,980081780,23,22,TNF印花短袖1X       ,白L                 ,      ,      ,I,22,2322,0019490148583,短袖T恤     
98378785,980081887,22,24,RL儿童T恤1X         ,绿L                 ,4X7   ,28    ,D,22,2224,0088585493121,RL短袖      
98378785,980081887,22,24,RL儿童T恤1X         ,绿L                 ,4X7   ,28    ,D,22,2224,0088585493121,RL短袖      
[2025-07-16 20:43:57 INFO] preview top 10
98143234,980081759,5,14,86"LG4K电视D.       ,86UP8100PCB         ,1X1   ,1     ,A,20,0514,0289800817590,LG电视      
98143234,980081759,5,14,86"LG4K电视D.       ,86UP8100PCB         ,1X1   ,1     ,A,20,0514,0289800817590,LG电视      
98143234,980081759,5,14,86"LG4K电视D.       ,86UP8100PCB         ,1X1   ,1     ,A,20,0514,0289800817590,LG电视      
98143234,980081759,5,14,86"LG4K电视D.       ,86UP8100PCB         ,1X1   ,1     ,A,20,0514,0289800817590,LG电视      
98149676,980081780,23,22,TNF印花短袖1X       ,白L                 ,      ,      ,I,22,2322,0019490148583,短袖T恤     
98149676,980081780,23,22,TNF印花短袖1X       ,白L                 ,      ,      ,I,22,2322,0019490148583,短袖T恤     
98149676,980081780,23,22,TNF印花短袖1X       ,白L                 ,      ,      ,I,22,2322,0019490148583,短袖T恤     
98149676,980081780,23,22,TNF印花短袖1X       ,白L                 ,      ,      ,I,22,2322,0019490148583,短袖T恤     
98378785,980081887,22,24,RL儿童T恤1X         ,绿L                 ,4X7   ,28    ,D,22,2224,0088585493121,RL短袖      
98378785,980081887,22,24,RL儿童T恤1X         ,绿L                 ,4X7   ,28    ,D,22,2224,0088585493121,RL短袖      
[2025-07-16 20:43:57 INFO] preview top 10
98143234,980081759,5,14,86"LG4K电视D.       ,86UP8100PCB         ,1X1   ,1     ,A,20,0514,0289800817590,LG电视      
98143234,980081759,5,14,86"LG4K电视D.       ,86UP8100PCB         ,1X1   ,1     ,A,20,0514,0289800817590,LG电视      
98143234,980081759,5,14,86"LG4K电视D.       ,86UP8100PCB         ,1X1   ,1     ,A,20,0514,0289800817590,LG电视      
98143234,980081759,5,14,86"LG4K电视D.       ,86UP8100PCB         ,1X1   ,1     ,A,20,0514,0289800817590,LG电视      
98149676,980081780,23,22,TNF印花短袖1X       ,白L                 ,      ,      ,I,22,2322,0019490148583,短袖T恤     
98149676,980081780,23,22,TNF印花短袖1X       ,白L                 ,      ,      ,I,22,2322,0019490148583,短袖T恤     
98149676,980081780,23,22,TNF印花短袖1X       ,白L                 ,      ,      ,I,22,2322,0019490148583,短袖T恤     
98149676,980081780,23,22,TNF印花短袖1X       ,白L                 ,      ,      ,I,22,2322,0019490148583,短袖T恤     
98378785,980081887,22,24,RL儿童T恤1X         ,绿L                 ,4X7   ,28    ,D,22,2224,0088585493121,RL短袖      
98378785,980081887,22,24,RL儿童T恤1X         ,绿L                 ,4X7   ,28    ,D,22,2224,0088585493121,RL短袖      
[2025-07-16 20:43:57 INFO] preview top 10
98143234,980081759,5,14,86"LG4K电视D.       ,86UP8100PCB         ,1X1   ,1     ,A,20,0514,0289800817590,LG电视      
98143234,980081759,5,14,86"LG4K电视D.       ,86UP8100PCB         ,1X1   ,1     ,A,20,0514,0289800817590,LG电视      
98143234,980081759,5,14,86"LG4K电视D.       ,86UP8100PCB         ,1X1   ,1     ,A,20,0514,0289800817590,LG电视      
98143234,980081759,5,14,86"LG4K电视D.       ,86UP8100PCB         ,1X1   ,1     ,A,20,0514,0289800817590,LG电视      
98149676,980081780,23,22,TNF印花短袖1X       ,白L                 ,      ,      ,I,22,2322,0019490148583,短袖T恤     
98149676,980081780,23,22,TNF印花短袖1X       ,白L                 ,      ,      ,I,22,2322,0019490148583,短袖T恤     
98149676,980081780,23,22,TNF印花短袖1X       ,白L                 ,      ,      ,I,22,2322,0019490148583,短袖T恤     
98149676,980081780,23,22,TNF印花短袖1X       ,白L                 ,      ,      ,I,22,2322,0019490148583,短袖T恤     
98378785,980081887,22,24,RL儿童T恤1X         ,绿L                 ,4X7   ,28    ,D,22,2224,0088585493121,RL短袖      
98378785,980081887,22,24,RL儿童T恤1X         ,绿L                 ,4X7   ,28    ,D,22,2224,0088585493121,RL短袖      
[2025-07-16 20:43:57 INFO] preview top 10
98143234,980081759,5,14,86"LG4K电视D.       ,86UP8100PCB         ,1X1   ,1     ,A,20,0514,0289800817590,LG电视      
98143234,980081759,5,14,86"LG4K电视D.       ,86UP8100PCB         ,1X1   ,1     ,A,20,0514,0289800817590,LG电视      
98143234,980081759,5,14,86"LG4K电视D.       ,86UP8100PCB         ,1X1   ,1     ,A,20,0514,0289800817590,LG电视      
98143234,980081759,5,14,86"LG4K电视D.       ,86UP8100PCB         ,1X1   ,1     ,A,20,0514,0289800817590,LG电视      
98149676,980081780,23,22,TNF印花短袖1X       ,白L                 ,      ,      ,I,22,2322,0019490148583,短袖T恤     
98149676,980081780,23,22,TNF印花短袖1X       ,白L                 ,      ,      ,I,22,2322,0019490148583,短袖T恤     
98149676,980081780,23,22,TNF印花短袖1X       ,白L                 ,      ,      ,I,22,2322,0019490148583,短袖T恤     
98149676,980081780,23,22,TNF印花短袖1X       ,白L                 ,      ,      ,I,22,2322,0019490148583,短袖T恤     
98378785,980081887,22,24,RL儿童T恤1X         ,绿L                 ,4X7   ,28    ,D,22,2224,0088585493121,RL短袖      
98378785,980081887,22,24,RL儿童T恤1X         ,绿L                 ,4X7   ,28    ,D,22,2224,0088585493121,RL短袖      
[2025-07-16 20:43:58 INFO] preview top 10
98143234,980081759,5,14,86"LG4K电视D.       ,86UP8100PCB         ,1X1   ,1     ,A,20,0514,0289800817590,LG电视      
98143234,980081759,5,14,86"LG4K电视D.       ,86UP8100PCB         ,1X1   ,1     ,A,20,0514,0289800817590,LG电视      
98143234,980081759,5,14,86"LG4K电视D.       ,86UP8100PCB         ,1X1   ,1     ,A,20,0514,0289800817590,LG电视      
98143234,980081759,5,14,86"LG4K电视D.       ,86UP8100PCB         ,1X1   ,1     ,A,20,0514,0289800817590,LG电视      
98149676,980081780,23,22,TNF印花短袖1X       ,白L                 ,      ,      ,I,22,2322,0019490148583,短袖T恤     
98149676,980081780,23,22,TNF印花短袖1X       ,白L                 ,      ,      ,I,22,2322,0019490148583,短袖T恤     
98149676,980081780,23,22,TNF印花短袖1X       ,白L                 ,      ,      ,I,22,2322,0019490148583,短袖T恤     
98149676,980081780,23,22,TNF印花短袖1X       ,白L                 ,      ,      ,I,22,2322,0019490148583,短袖T恤     
98378785,980081887,22,24,RL儿童T恤1X         ,绿L                 ,4X7   ,28    ,D,22,2224,0088585493121,RL短袖      
98378785,980081887,22,24,RL儿童T恤1X         ,绿L                 ,4X7   ,28    ,D,22,2224,0088585493121,RL短袖      
[2025-07-16 20:43:59 INFO] preview top 10
98143234,980081759,5,14,86"LG4K电视D.       ,86UP8100PCB         ,1X1   ,1     ,A,20,0514,0289800817590,LG电视      
98143234,980081759,5,14,86"LG4K电视D.       ,86UP8100PCB         ,1X1   ,1     ,A,20,0514,0289800817590,LG电视      
98143234,980081759,5,14,86"LG4K电视D.       ,86UP8100PCB         ,1X1   ,1     ,A,20,0514,0289800817590,LG电视      
98143234,980081759,5,14,86"LG4K电视D.       ,86UP8100PCB         ,1X1   ,1     ,A,20,0514,0289800817590,LG电视      
98149676,980081780,23,22,TNF印花短袖1X       ,白L                 ,      ,      ,I,22,2322,0019490148583,短袖T恤     
98149676,980081780,23,22,TNF印花短袖1X       ,白L                 ,      ,      ,I,22,2322,0019490148583,短袖T恤     
98149676,980081780,23,22,TNF印花短袖1X       ,白L                 ,      ,      ,I,22,2322,0019490148583,短袖T恤     
98149676,980081780,23,22,TNF印花短袖1X       ,白L                 ,      ,      ,I,22,2322,0019490148583,短袖T恤     
98378785,980081887,22,24,RL儿童T恤1X         ,绿L                 ,4X7   ,28    ,D,22,2224,0088585493121,RL短袖      
98378785,980081887,22,24,RL儿童T恤1X         ,绿L                 ,4X7   ,28    ,D,22,2224,0088585493121,RL短袖      
[2025-07-16 20:43:59 INFO] preview top 10
98143234,980081759,5,14,86"LG4K电视D.       ,86UP8100PCB         ,1X1   ,1     ,A,20,0514,0289800817590,LG电视      
98143234,980081759,5,14,86"LG4K电视D.       ,86UP8100PCB         ,1X1   ,1     ,A,20,0514,0289800817590,LG电视      
98143234,980081759,5,14,86"LG4K电视D.       ,86UP8100PCB         ,1X1   ,1     ,A,20,0514,0289800817590,LG电视      
98143234,980081759,5,14,86"LG4K电视D.       ,86UP8100PCB         ,1X1   ,1     ,A,20,0514,0289800817590,LG电视      
98149676,980081780,23,22,TNF印花短袖1X       ,白L                 ,      ,      ,I,22,2322,0019490148583,短袖T恤     
98149676,980081780,23,22,TNF印花短袖1X       ,白L                 ,      ,      ,I,22,2322,0019490148583,短袖T恤     
98149676,980081780,23,22,TNF印花短袖1X       ,白L                 ,      ,      ,I,22,2322,0019490148583,短袖T恤     
98149676,980081780,23,22,TNF印花短袖1X       ,白L                 ,      ,      ,I,22,2322,0019490148583,短袖T恤     
98378785,980081887,22,24,RL儿童T恤1X         ,绿L                 ,4X7   ,28    ,D,22,2224,0088585493121,RL短袖      
98378785,980081887,22,24,RL儿童T恤1X         ,绿L                 ,4X7   ,28    ,D,22,2224,0088585493121,RL短袖      
[2025-07-16 20:43:59 INFO] preview top 10
98143234,980081759,5,14,86"LG4K电视D.       ,86UP8100PCB         ,1X1   ,1     ,A,20,0514,0289800817590,LG电视      
98143234,980081759,5,14,86"LG4K电视D.       ,86UP8100PCB         ,1X1   ,1     ,A,20,0514,0289800817590,LG电视      
98143234,980081759,5,14,86"LG4K电视D.       ,86UP8100PCB         ,1X1   ,1     ,A,20,0514,0289800817590,LG电视      
98143234,980081759,5,14,86"LG4K电视D.       ,86UP8100PCB         ,1X1   ,1     ,A,20,0514,0289800817590,LG电视      
98149676,980081780,23,22,TNF印花短袖1X       ,白L                 ,      ,      ,I,22,2322,0019490148583,短袖T恤     
98149676,980081780,23,22,TNF印花短袖1X       ,白L                 ,      ,      ,I,22,2322,0019490148583,短袖T恤     
98149676,980081780,23,22,TNF印花短袖1X       ,白L                 ,      ,      ,I,22,2322,0019490148583,短袖T恤     
98149676,980081780,23,22,TNF印花短袖1X       ,白L                 ,      ,      ,I,22,2322,0019490148583,短袖T恤     
98378785,980081887,22,24,RL儿童T恤1X         ,绿L                 ,4X7   ,28    ,D,22,2224,0088585493121,RL短袖      
98378785,980081887,22,24,RL儿童T恤1X         ,绿L                 ,4X7   ,28    ,D,22,2224,0088585493121,RL短袖      
[2025-07-16 20:44:00 INFO] preview top 10
98143234,980081759,5,14,86"LG4K电视D.       ,86UP8100PCB         ,1X1   ,1     ,A,20,0514,0289800817590,LG电视      
98143234,980081759,5,14,86"LG4K电视D.       ,86UP8100PCB         ,1X1   ,1     ,A,20,0514,0289800817590,LG电视      
98143234,980081759,5,14,86"LG4K电视D.       ,86UP8100PCB         ,1X1   ,1     ,A,20,0514,0289800817590,LG电视      
98143234,980081759,5,14,86"LG4K电视D.       ,86UP8100PCB         ,1X1   ,1     ,A,20,0514,0289800817590,LG电视      
98149676,980081780,23,22,TNF印花短袖1X       ,白L                 ,      ,      ,I,22,2322,0019490148583,短袖T恤     
98149676,980081780,23,22,TNF印花短袖1X       ,白L                 ,      ,      ,I,22,2322,0019490148583,短袖T恤     
98149676,980081780,23,22,TNF印花短袖1X       ,白L                 ,      ,      ,I,22,2322,0019490148583,短袖T恤     
98149676,980081780,23,22,TNF印花短袖1X       ,白L                 ,      ,      ,I,22,2322,0019490148583,短袖T恤     
98378785,980081887,22,24,RL儿童T恤1X         ,绿L                 ,4X7   ,28    ,D,22,2224,0088585493121,RL短袖      
98378785,980081887,22,24,RL儿童T恤1X         ,绿L                 ,4X7   ,28    ,D,22,2224,0088585493121,RL短袖      
[2025-07-16 20:44:11 INFO] preview top 10
98143234,980081759,5,14,86"LG4K电视D.       ,86UP8100PCB         ,1X1   ,1     ,A,20,0514,0289800817590,LG电视      
98143234,980081759,5,14,86"LG4K电视D.       ,86UP8100PCB         ,1X1   ,1     ,A,20,0514,0289800817590,LG电视      
98143234,980081759,5,14,86"LG4K电视D.       ,86UP8100PCB         ,1X1   ,1     ,A,20,0514,0289800817590,LG电视      
98143234,980081759,5,14,86"LG4K电视D.       ,86UP8100PCB         ,1X1   ,1     ,A,20,0514,0289800817590,LG电视      
98149676,980081780,23,22,TNF印花短袖1X       ,白L                 ,      ,      ,I,22,2322,0019490148583,短袖T恤     
98149676,980081780,23,22,TNF印花短袖1X       ,白L                 ,      ,      ,I,22,2322,0019490148583,短袖T恤     
98149676,980081780,23,22,TNF印花短袖1X       ,白L                 ,      ,      ,I,22,2322,0019490148583,短袖T恤     
98149676,980081780,23,22,TNF印花短袖1X       ,白L                 ,      ,      ,I,22,2322,0019490148583,短袖T恤     
98378785,980081887,22,24,RL儿童T恤1X         ,绿L                 ,4X7   ,28    ,D,22,2224,0088585493121,RL短袖      
98378785,980081887,22,24,RL儿童T恤1X         ,绿L                 ,4X7   ,28    ,D,22,2224,0088585493121,RL短袖      
[2025-07-16 20:44:16 INFO] cancel...
[2025-07-16 21:02:35 INFO] environment: StarRocks(Tencent Cloud) SR-ADHOC
[2025-07-16 21:02:35 INFO] ready.
[2025-07-16 21:02:40 INFO] datafile: C:/Users/c0l0f9l/Music/data.csv
[2025-07-16 21:02:42 INFO] txt
[2025-07-16 21:02:42 INFO] preview top 10
98143234,980081759,5,14,86"LG4K电视D.       ,86UP8100PCB         ,1X1   ,1     ,A,20,0514,0289800817590,LG电视      
98143234,980081759,5,14,86"LG4K电视D.       ,86UP8100PCB         ,1X1   ,1     ,A,20,0514,0289800817590,LG电视      
98143234,980081759,5,14,86"LG4K电视D.       ,86UP8100PCB         ,1X1   ,1     ,A,20,0514,0289800817590,LG电视      
98143234,980081759,5,14,86"LG4K电视D.       ,86UP8100PCB         ,1X1   ,1     ,A,20,0514,0289800817590,LG电视      
98149676,980081780,23,22,TNF印花短袖1X       ,白L                 ,      ,      ,I,22,2322,0019490148583,短袖T恤     
98149676,980081780,23,22,TNF印花短袖1X       ,白L                 ,      ,      ,I,22,2322,0019490148583,短袖T恤     
98149676,980081780,23,22,TNF印花短袖1X       ,白L                 ,      ,      ,I,22,2322,0019490148583,短袖T恤     
98149676,980081780,23,22,TNF印花短袖1X       ,白L                 ,      ,      ,I,22,2322,0019490148583,短袖T恤     
98378785,980081887,22,24,RL儿童T恤1X         ,绿L                 ,4X7   ,28    ,D,22,2224,0088585493121,RL短袖      
98378785,980081887,22,24,RL儿童T恤1X         ,绿L                 ,4X7   ,28    ,D,22,2224,0088585493121,RL短袖      
[2025-07-16 21:03:36 INFO] environment: StarRocks(Tencent Cloud) SR-ADHOC
[2025-07-16 21:03:36 INFO] ready.
[2025-07-16 21:03:37 WARN] please select a datafile
[2025-07-16 21:03:47 INFO] datafile: C:/Users/c0l0f9l/Desktop/ITA5.16XLARGE256.xlsx
[2025-07-16 21:03:48 INFO] xlsx
[2025-07-16 21:06:44 INFO] environment: StarRocks(Tencent Cloud) SR-ADHOC
[2025-07-16 21:06:44 INFO] ready.
[2025-07-16 21:06:48 INFO] datafile: C:/Users/c0l0f9l/Music/StarRocks 3.1.12版本应用漏洞.xlsx
[2025-07-16 21:06:49 INFO] xlsx2csv converting...
[2025-07-16 21:06:49 INFO] xlsx
[2025-07-16 21:06:51 INFO] xlsx2csv converting...
[2025-07-16 21:06:51 INFO] done.
[2025-07-16 21:06:51 INFO] preview top 10
服务,说明,版本,操作系统,版本,服务器状态,漏洞名称,漏洞标签,漏洞类型,威胁等级,最后检测时间,首次发现时间,状态,危害描述,修复方案,参考链接,披露时间
apache_hdfs_broker,avro-1.7.7.jar,1.7.7,linux 64位,旗舰版,运行中,Apache Avro 代码问题漏洞(CVE-2023-39410),本地利用,应用漏洞,高危,2024-07-10 02:42:10,2024-02-20 02:20:39,待修复,Apache Avro是美国阿帕奇（Apache）基金会的一个数据序列化系统。为 Apache Hadoop 提供数据序列化和数据交换服务。 Apache Avro Java SDK 1.11.2版本及之前版本存在代码问题漏洞，该漏洞源于读取器可能会消耗超出允许限制的内存，从而导致系统内存不足。,"建议受漏洞影响的用户升级组件到1.11.3 及以上版本。
https://github.com/apache/avro/releases/tag/release-1.11.3","https://lists.apache.org/thread/q142wj99cwdd0jo5lvdoxzoymlqyjdds,https://www.openwall.com/lists/oss-security/2023/09/29/6",2023-09-30
apache_hdfs_broker,commons-compress-1.21.jar,1.21,linux 64位,旗舰版,运行中,Apache Commons Compress 资源分配无限制漏洞(CVE-2024-26308),本地利用,应用漏洞,高危,2024-07-10 04:02:46,2024-02-24 02:37:14,待修复,Apache Commons Compress中存在无限循环漏洞。此漏洞影响Apache Commons Compress的版本范围为1.3至1.25.0。,"建议受影响的用户，及时升级至1.26.0及以上版本。
https://commons.apache.org/proper/commons-compress/download_compress.cgi","https://lists.apache.org/thread/ch5yo2d21p7vlqrhll9b17otbyq4npfg,http://www.openwall.com/lists/oss-security/2024/02/19/2",2024-02-19
apache_hdfs_broker,cos_api-bundle-5.6.35.jar,2.10.3,linux 64位,旗舰版,运行中,Apache Commons Compress 资源分配无限制漏洞(CVE-2024-26308),本地利用,应用漏洞,高危,2024-07-10 04:36:06,2024-04-03 02:36:53,待修复,在jackson-databind 受影响版本中使用JDK序列化对sonNode值进行序列化和反序列化时，攻击者可能会发送一个4字节长的有效负载，其值为Integer.MAX_VALUE，会导致较大的缓冲区分配和堆内存不足，进而造成拒绝服务。,"使用2.12及之前版本的用户，建议将组件 com.fasterxml.jackson.core:jackson-databind 升级至 2.12.6 及以上版本；
使用2.13.x的用户，建议将组件 com.fasterxml.jackson.core:jackson-databind 升级至 2.13.1 及以上版本。

https://github.com/FasterXML/jackson-databind/tags","https://github.com/FasterXML/jackson-databind/issues/3328,https://groups.google.com/g/jackson-user/c/OsBsirPM_Vw",2023-03-19
apache_hdfs_broker,htrace-core-3.1.0-incubating.jar,2.4.0,linux 64位,旗舰版,运行中,Apache Commons Compress 资源分配无限制漏洞(CVE-2024-26308),本地利用,应用漏洞,高危,2024-07-10 03:08:12,2023-10-11 02:34:50,待修复,2021年1月19日，jackson-databind官方发布安全通告，披露jackson-databind < 2.9.10.6存在一处反序列化漏洞，此漏洞可能导致远程代码漏洞执行。,"建议受影响的用户，及时升级至2.9.10.7及以上版本。
[2025-07-16 21:06:53 INFO] xlsx2csv converting...
[2025-07-16 21:06:55 INFO] xlsx2csv converting...
[2025-07-16 21:06:57 INFO] xlsx2csv converting...
[2025-07-16 21:06:59 INFO] xlsx2csv converting...
[2025-07-16 21:07:01 INFO] xlsx2csv converting...
[2025-07-16 21:07:03 INFO] xlsx2csv converting...
[2025-07-16 21:07:05 INFO] xlsx2csv converting...
[2025-07-16 21:07:07 INFO] xlsx2csv converting...
[2025-07-16 21:07:08 INFO] preview top 10
服务,说明,版本,操作系统,版本,服务器状态,漏洞名称,漏洞标签,漏洞类型,威胁等级,最后检测时间,首次发现时间,状态,危害描述,修复方案,参考链接,披露时间
apache_hdfs_broker,avro-1.7.7.jar,1.7.7,linux 64位,旗舰版,运行中,Apache Avro 代码问题漏洞(CVE-2023-39410),本地利用,应用漏洞,高危,2024-07-10 02:42:10,2024-02-20 02:20:39,待修复,Apache Avro是美国阿帕奇（Apache）基金会的一个数据序列化系统。为 Apache Hadoop 提供数据序列化和数据交换服务。 Apache Avro Java SDK 1.11.2版本及之前版本存在代码问题漏洞，该漏洞源于读取器可能会消耗超出允许限制的内存，从而导致系统内存不足。,"建议受漏洞影响的用户升级组件到1.11.3 及以上版本。
https://github.com/apache/avro/releases/tag/release-1.11.3","https://lists.apache.org/thread/q142wj99cwdd0jo5lvdoxzoymlqyjdds,https://www.openwall.com/lists/oss-security/2023/09/29/6",2023-09-30
apache_hdfs_broker,commons-compress-1.21.jar,1.21,linux 64位,旗舰版,运行中,Apache Commons Compress 资源分配无限制漏洞(CVE-2024-26308),本地利用,应用漏洞,高危,2024-07-10 04:02:46,2024-02-24 02:37:14,待修复,Apache Commons Compress中存在无限循环漏洞。此漏洞影响Apache Commons Compress的版本范围为1.3至1.25.0。,"建议受影响的用户，及时升级至1.26.0及以上版本。
https://commons.apache.org/proper/commons-compress/download_compress.cgi","https://lists.apache.org/thread/ch5yo2d21p7vlqrhll9b17otbyq4npfg,http://www.openwall.com/lists/oss-security/2024/02/19/2",2024-02-19
apache_hdfs_broker,cos_api-bundle-5.6.35.jar,2.10.3,linux 64位,旗舰版,运行中,Apache Commons Compress 资源分配无限制漏洞(CVE-2024-26308),本地利用,应用漏洞,高危,2024-07-10 04:36:06,2024-04-03 02:36:53,待修复,在jackson-databind 受影响版本中使用JDK序列化对sonNode值进行序列化和反序列化时，攻击者可能会发送一个4字节长的有效负载，其值为Integer.MAX_VALUE，会导致较大的缓冲区分配和堆内存不足，进而造成拒绝服务。,"使用2.12及之前版本的用户，建议将组件 com.fasterxml.jackson.core:jackson-databind 升级至 2.12.6 及以上版本；
使用2.13.x的用户，建议将组件 com.fasterxml.jackson.core:jackson-databind 升级至 2.13.1 及以上版本。

https://github.com/FasterXML/jackson-databind/tags","https://github.com/FasterXML/jackson-databind/issues/3328,https://groups.google.com/g/jackson-user/c/OsBsirPM_Vw",2023-03-19
apache_hdfs_broker,htrace-core-3.1.0-incubating.jar,2.4.0,linux 64位,旗舰版,运行中,Apache Commons Compress 资源分配无限制漏洞(CVE-2024-26308),本地利用,应用漏洞,高危,2024-07-10 03:08:12,2023-10-11 02:34:50,待修复,2021年1月19日，jackson-databind官方发布安全通告，披露jackson-databind < 2.9.10.6存在一处反序列化漏洞，此漏洞可能导致远程代码漏洞执行。,"建议受影响的用户，及时升级至2.9.10.7及以上版本。
[2025-07-16 21:07:08 INFO] txt
[2025-07-16 21:07:09 INFO] xlsx2csv converting...
[2025-07-16 21:07:11 INFO] xlsx2csv converting...
[2025-07-16 21:07:13 INFO] xlsx2csv converting...
[2025-07-16 21:07:14 INFO] cancel...
[2025-07-16 21:07:15 INFO] xlsx2csv converting...
[2025-07-16 21:07:17 INFO] xlsx2csv converting...
[2025-07-16 21:11:02 INFO] environment: StarRocks(Tencent Cloud) SR-ADHOC
[2025-07-16 21:11:02 INFO] ready.
[2025-07-16 21:11:08 INFO] datafile: C:/Users/c0l0f9l/Music/StarRocks 3.1.12版本应用漏洞.xlsx
[2025-07-16 21:11:09 INFO] xlsx2csv converting...
[2025-07-16 21:11:09 INFO] xlsx
[2025-07-16 21:11:11 INFO] done.
[2025-07-16 21:11:11 INFO] xlsx2csv converting...
[2025-07-16 21:11:11 INFO] preview top 10
服务,说明,版本,操作系统,版本,服务器状态,漏洞名称,漏洞标签,漏洞类型,威胁等级,最后检测时间,首次发现时间,状态,危害描述,修复方案,参考链接,披露时间
apache_hdfs_broker,avro-1.7.7.jar,1.7.7,linux 64位,旗舰版,运行中,Apache Avro 代码问题漏洞(CVE-2023-39410),本地利用,应用漏洞,高危,2024-07-10 02:42:10,2024-02-20 02:20:39,待修复,Apache Avro是美国阿帕奇（Apache）基金会的一个数据序列化系统。为 Apache Hadoop 提供数据序列化和数据交换服务。 Apache Avro Java SDK 1.11.2版本及之前版本存在代码问题漏洞，该漏洞源于读取器可能会消耗超出允许限制的内存，从而导致系统内存不足。,"建议受漏洞影响的用户升级组件到1.11.3 及以上版本。
https://github.com/apache/avro/releases/tag/release-1.11.3","https://lists.apache.org/thread/q142wj99cwdd0jo5lvdoxzoymlqyjdds,https://www.openwall.com/lists/oss-security/2023/09/29/6",2023-09-30
apache_hdfs_broker,commons-compress-1.21.jar,1.21,linux 64位,旗舰版,运行中,Apache Commons Compress 资源分配无限制漏洞(CVE-2024-26308),本地利用,应用漏洞,高危,2024-07-10 04:02:46,2024-02-24 02:37:14,待修复,Apache Commons Compress中存在无限循环漏洞。此漏洞影响Apache Commons Compress的版本范围为1.3至1.25.0。,"建议受影响的用户，及时升级至1.26.0及以上版本。
https://commons.apache.org/proper/commons-compress/download_compress.cgi","https://lists.apache.org/thread/ch5yo2d21p7vlqrhll9b17otbyq4npfg,http://www.openwall.com/lists/oss-security/2024/02/19/2",2024-02-19
apache_hdfs_broker,cos_api-bundle-5.6.35.jar,2.10.3,linux 64位,旗舰版,运行中,Apache Commons Compress 资源分配无限制漏洞(CVE-2024-26308),本地利用,应用漏洞,高危,2024-07-10 04:36:06,2024-04-03 02:36:53,待修复,在jackson-databind 受影响版本中使用JDK序列化对sonNode值进行序列化和反序列化时，攻击者可能会发送一个4字节长的有效负载，其值为Integer.MAX_VALUE，会导致较大的缓冲区分配和堆内存不足，进而造成拒绝服务。,"使用2.12及之前版本的用户，建议将组件 com.fasterxml.jackson.core:jackson-databind 升级至 2.12.6 及以上版本；
使用2.13.x的用户，建议将组件 com.fasterxml.jackson.core:jackson-databind 升级至 2.13.1 及以上版本。

https://github.com/FasterXML/jackson-databind/tags","https://github.com/FasterXML/jackson-databind/issues/3328,https://groups.google.com/g/jackson-user/c/OsBsirPM_Vw",2023-03-19
apache_hdfs_broker,htrace-core-3.1.0-incubating.jar,2.4.0,linux 64位,旗舰版,运行中,Apache Commons Compress 资源分配无限制漏洞(CVE-2024-26308),本地利用,应用漏洞,高危,2024-07-10 03:08:12,2023-10-11 02:34:50,待修复,2021年1月19日，jackson-databind官方发布安全通告，披露jackson-databind < 2.9.10.6存在一处反序列化漏洞，此漏洞可能导致远程代码漏洞执行。,"建议受影响的用户，及时升级至2.9.10.7及以上版本。
[2025-07-16 21:11:13 INFO] xlsx2csv converting...
[2025-07-16 21:11:15 INFO] xlsx2csv converting...
[2025-07-16 21:11:17 INFO] xlsx2csv converting...
[2025-07-16 21:11:19 INFO] xlsx2csv converting...
[2025-07-16 21:11:21 INFO] xlsx2csv converting...
[2025-07-16 21:11:23 INFO] xlsx2csv converting...
[2025-07-16 21:11:25 INFO] xlsx2csv converting...
[2025-07-16 21:11:27 INFO] xlsx2csv converting...
[2025-07-16 21:11:29 INFO] xlsx2csv converting...
[2025-07-16 21:11:31 INFO] xlsx2csv converting...
[2025-07-16 21:11:33 INFO] xlsx2csv converting...
[2025-07-16 21:11:35 INFO] xlsx2csv converting...
[2025-07-16 21:11:37 INFO] xlsx2csv converting...
[2025-07-16 21:11:39 INFO] xlsx2csv converting...
[2025-07-16 21:11:41 INFO] xlsx2csv converting...
[2025-07-16 21:11:43 INFO] xlsx2csv converting...
[2025-07-16 21:11:45 INFO] xlsx2csv converting...
[2025-07-16 21:11:47 INFO] xlsx2csv converting...
[2025-07-16 21:11:49 INFO] xlsx2csv converting...
[2025-07-16 21:11:51 INFO] xlsx2csv converting...
[2025-07-16 21:11:53 INFO] xlsx2csv converting...
[2025-07-16 21:11:55 INFO] xlsx2csv converting...
[2025-07-16 21:11:57 INFO] xlsx2csv converting...
[2025-07-16 21:11:59 INFO] xlsx2csv converting...
[2025-07-16 21:12:01 INFO] xlsx2csv converting...
[2025-07-16 21:12:03 INFO] xlsx2csv converting...
[2025-07-16 21:12:05 INFO] xlsx2csv converting...
[2025-07-16 21:12:07 INFO] xlsx2csv converting...
[2025-07-16 21:12:29 INFO] environment: StarRocks(Tencent Cloud) SR-ADHOC
[2025-07-16 21:12:29 INFO] ready.
[2025-07-16 21:12:47 INFO] datafile: C:/Users/c0l0f9l/Music/StarRocks 3.1.12版本应用漏洞.xlsx
[2025-07-16 21:12:48 INFO] xlsx
[2025-07-16 21:12:48 INFO] xlsx2csv converting...
[2025-07-16 21:12:51 INFO] done.
[2025-07-16 21:12:51 INFO] preview top 10
服务,说明,版本,操作系统,版本,服务器状态,漏洞名称,漏洞标签,漏洞类型,威胁等级,最后检测时间,首次发现时间,状态,危害描述,修复方案,参考链接,披露时间
apache_hdfs_broker,avro-1.7.7.jar,1.7.7,linux 64位,旗舰版,运行中,Apache Avro 代码问题漏洞(CVE-2023-39410),本地利用,应用漏洞,高危,2024-07-10 02:42:10,2024-02-20 02:20:39,待修复,Apache Avro是美国阿帕奇（Apache）基金会的一个数据序列化系统。为 Apache Hadoop 提供数据序列化和数据交换服务。 Apache Avro Java SDK 1.11.2版本及之前版本存在代码问题漏洞，该漏洞源于读取器可能会消耗超出允许限制的内存，从而导致系统内存不足。,"建议受漏洞影响的用户升级组件到1.11.3 及以上版本。
https://github.com/apache/avro/releases/tag/release-1.11.3","https://lists.apache.org/thread/q142wj99cwdd0jo5lvdoxzoymlqyjdds,https://www.openwall.com/lists/oss-security/2023/09/29/6",2023-09-30
apache_hdfs_broker,commons-compress-1.21.jar,1.21,linux 64位,旗舰版,运行中,Apache Commons Compress 资源分配无限制漏洞(CVE-2024-26308),本地利用,应用漏洞,高危,2024-07-10 04:02:46,2024-02-24 02:37:14,待修复,Apache Commons Compress中存在无限循环漏洞。此漏洞影响Apache Commons Compress的版本范围为1.3至1.25.0。,"建议受影响的用户，及时升级至1.26.0及以上版本。
https://commons.apache.org/proper/commons-compress/download_compress.cgi","https://lists.apache.org/thread/ch5yo2d21p7vlqrhll9b17otbyq4npfg,http://www.openwall.com/lists/oss-security/2024/02/19/2",2024-02-19
apache_hdfs_broker,cos_api-bundle-5.6.35.jar,2.10.3,linux 64位,旗舰版,运行中,Apache Commons Compress 资源分配无限制漏洞(CVE-2024-26308),本地利用,应用漏洞,高危,2024-07-10 04:36:06,2024-04-03 02:36:53,待修复,在jackson-databind 受影响版本中使用JDK序列化对sonNode值进行序列化和反序列化时，攻击者可能会发送一个4字节长的有效负载，其值为Integer.MAX_VALUE，会导致较大的缓冲区分配和堆内存不足，进而造成拒绝服务。,"使用2.12及之前版本的用户，建议将组件 com.fasterxml.jackson.core:jackson-databind 升级至 2.12.6 及以上版本；
使用2.13.x的用户，建议将组件 com.fasterxml.jackson.core:jackson-databind 升级至 2.13.1 及以上版本。

https://github.com/FasterXML/jackson-databind/tags","https://github.com/FasterXML/jackson-databind/issues/3328,https://groups.google.com/g/jackson-user/c/OsBsirPM_Vw",2023-03-19
apache_hdfs_broker,htrace-core-3.1.0-incubating.jar,2.4.0,linux 64位,旗舰版,运行中,Apache Commons Compress 资源分配无限制漏洞(CVE-2024-26308),本地利用,应用漏洞,高危,2024-07-10 03:08:12,2023-10-11 02:34:50,待修复,2021年1月19日，jackson-databind官方发布安全通告，披露jackson-databind < 2.9.10.6存在一处反序列化漏洞，此漏洞可能导致远程代码漏洞执行。,"建议受影响的用户，及时升级至2.9.10.7及以上版本。
[2025-07-16 21:14:05 INFO] environment: StarRocks(Tencent Cloud) SR-ADHOC
[2025-07-16 21:14:06 INFO] ready.
[2025-07-16 21:14:15 INFO] datafile: C:/Users/c0l0f9l/Music/StarRocks 3.1.12版本应用漏洞.xlsx
[2025-07-16 21:14:17 INFO] xlsx
[2025-07-16 21:14:17 INFO] xlsx2csv converting...
[2025-07-16 21:14:19 INFO] done.
[2025-07-16 21:14:19 INFO] preview top 10
[2025-07-16 21:14:19 INFO] 
服务,说明,版本,操作系统,版本,服务器状态,漏洞名称,漏洞标签,漏洞类型,威胁等级,最后检测时间,首次发现时间,状态,危害描述,修复方案,参考链接,披露时间
apache_hdfs_broker,avro-1.7.7.jar,1.7.7,linux 64位,旗舰版,运行中,Apache Avro 代码问题漏洞(CVE-2023-39410),本地利用,应用漏洞,高危,2024-07-10 02:42:10,2024-02-20 02:20:39,待修复,Apache Avro是美国阿帕奇（Apache）基金会的一个数据序列化系统。为 Apache Hadoop 提供数据序列化和数据交换服务。 Apache Avro Java SDK 1.11.2版本及之前版本存在代码问题漏洞，该漏洞源于读取器可能会消耗超出允许限制的内存，从而导致系统内存不足。,"建议受漏洞影响的用户升级组件到1.11.3 及以上版本。
https://github.com/apache/avro/releases/tag/release-1.11.3","https://lists.apache.org/thread/q142wj99cwdd0jo5lvdoxzoymlqyjdds,https://www.openwall.com/lists/oss-security/2023/09/29/6",2023-09-30
apache_hdfs_broker,commons-compress-1.21.jar,1.21,linux 64位,旗舰版,运行中,Apache Commons Compress 资源分配无限制漏洞(CVE-2024-26308),本地利用,应用漏洞,高危,2024-07-10 04:02:46,2024-02-24 02:37:14,待修复,Apache Commons Compress中存在无限循环漏洞。此漏洞影响Apache Commons Compress的版本范围为1.3至1.25.0。,"建议受影响的用户，及时升级至1.26.0及以上版本。
https://commons.apache.org/proper/commons-compress/download_compress.cgi","https://lists.apache.org/thread/ch5yo2d21p7vlqrhll9b17otbyq4npfg,http://www.openwall.com/lists/oss-security/2024/02/19/2",2024-02-19
apache_hdfs_broker,cos_api-bundle-5.6.35.jar,2.10.3,linux 64位,旗舰版,运行中,Apache Commons Compress 资源分配无限制漏洞(CVE-2024-26308),本地利用,应用漏洞,高危,2024-07-10 04:36:06,2024-04-03 02:36:53,待修复,在jackson-databind 受影响版本中使用JDK序列化对sonNode值进行序列化和反序列化时，攻击者可能会发送一个4字节长的有效负载，其值为Integer.MAX_VALUE，会导致较大的缓冲区分配和堆内存不足，进而造成拒绝服务。,"使用2.12及之前版本的用户，建议将组件 com.fasterxml.jackson.core:jackson-databind 升级至 2.12.6 及以上版本；
使用2.13.x的用户，建议将组件 com.fasterxml.jackson.core:jackson-databind 升级至 2.13.1 及以上版本。

https://github.com/FasterXML/jackson-databind/tags","https://github.com/FasterXML/jackson-databind/issues/3328,https://groups.google.com/g/jackson-user/c/OsBsirPM_Vw",2023-03-19
apache_hdfs_broker,htrace-core-3.1.0-incubating.jar,2.4.0,linux 64位,旗舰版,运行中,Apache Commons Compress 资源分配无限制漏洞(CVE-2024-26308),本地利用,应用漏洞,高危,2024-07-10 03:08:12,2023-10-11 02:34:50,待修复,2021年1月19日，jackson-databind官方发布安全通告，披露jackson-databind < 2.9.10.6存在一处反序列化漏洞，此漏洞可能导致远程代码漏洞执行。,"建议受影响的用户，及时升级至2.9.10.7及以上版本。
[2025-07-16 21:14:30 INFO] preview top 10
[2025-07-16 21:14:30 INFO] 
服务,说明,版本,操作系统,版本,服务器状态,漏洞名称,漏洞标签,漏洞类型,威胁等级,最后检测时间,首次发现时间,状态,危害描述,修复方案,参考链接,披露时间
apache_hdfs_broker,avro-1.7.7.jar,1.7.7,linux 64位,旗舰版,运行中,Apache Avro 代码问题漏洞(CVE-2023-39410),本地利用,应用漏洞,高危,2024-07-10 02:42:10,2024-02-20 02:20:39,待修复,Apache Avro是美国阿帕奇（Apache）基金会的一个数据序列化系统。为 Apache Hadoop 提供数据序列化和数据交换服务。 Apache Avro Java SDK 1.11.2版本及之前版本存在代码问题漏洞，该漏洞源于读取器可能会消耗超出允许限制的内存，从而导致系统内存不足。,"建议受漏洞影响的用户升级组件到1.11.3 及以上版本。
https://github.com/apache/avro/releases/tag/release-1.11.3","https://lists.apache.org/thread/q142wj99cwdd0jo5lvdoxzoymlqyjdds,https://www.openwall.com/lists/oss-security/2023/09/29/6",2023-09-30
apache_hdfs_broker,commons-compress-1.21.jar,1.21,linux 64位,旗舰版,运行中,Apache Commons Compress 资源分配无限制漏洞(CVE-2024-26308),本地利用,应用漏洞,高危,2024-07-10 04:02:46,2024-02-24 02:37:14,待修复,Apache Commons Compress中存在无限循环漏洞。此漏洞影响Apache Commons Compress的版本范围为1.3至1.25.0。,"建议受影响的用户，及时升级至1.26.0及以上版本。
https://commons.apache.org/proper/commons-compress/download_compress.cgi","https://lists.apache.org/thread/ch5yo2d21p7vlqrhll9b17otbyq4npfg,http://www.openwall.com/lists/oss-security/2024/02/19/2",2024-02-19
apache_hdfs_broker,cos_api-bundle-5.6.35.jar,2.10.3,linux 64位,旗舰版,运行中,Apache Commons Compress 资源分配无限制漏洞(CVE-2024-26308),本地利用,应用漏洞,高危,2024-07-10 04:36:06,2024-04-03 02:36:53,待修复,在jackson-databind 受影响版本中使用JDK序列化对sonNode值进行序列化和反序列化时，攻击者可能会发送一个4字节长的有效负载，其值为Integer.MAX_VALUE，会导致较大的缓冲区分配和堆内存不足，进而造成拒绝服务。,"使用2.12及之前版本的用户，建议将组件 com.fasterxml.jackson.core:jackson-databind 升级至 2.12.6 及以上版本；
使用2.13.x的用户，建议将组件 com.fasterxml.jackson.core:jackson-databind 升级至 2.13.1 及以上版本。

https://github.com/FasterXML/jackson-databind/tags","https://github.com/FasterXML/jackson-databind/issues/3328,https://groups.google.com/g/jackson-user/c/OsBsirPM_Vw",2023-03-19
apache_hdfs_broker,htrace-core-3.1.0-incubating.jar,2.4.0,linux 64位,旗舰版,运行中,Apache Commons Compress 资源分配无限制漏洞(CVE-2024-26308),本地利用,应用漏洞,高危,2024-07-10 03:08:12,2023-10-11 02:34:50,待修复,2021年1月19日，jackson-databind官方发布安全通告，披露jackson-databind < 2.9.10.6存在一处反序列化漏洞，此漏洞可能导致远程代码漏洞执行。,"建议受影响的用户，及时升级至2.9.10.7及以上版本。
[2025-07-16 21:14:30 INFO] txt
[2025-07-16 21:14:45 INFO] datafile: C:/Users/c0l0f9l/Music/StarRocks 3.1.12版本应用漏洞_starload_.csv
[2025-07-16 21:14:46 INFO] txt
[2025-07-16 21:14:46 INFO] preview top 10
[2025-07-16 21:14:46 INFO] 
服务,说明,版本,操作系统,版本,服务器状态,漏洞名称,漏洞标签,漏洞类型,威胁等级,最后检测时间,首次发现时间,状态,危害描述,修复方案,参考链接,披露时间
apache_hdfs_broker,avro-1.7.7.jar,1.7.7,linux 64位,旗舰版,运行中,Apache Avro 代码问题漏洞(CVE-2023-39410),本地利用,应用漏洞,高危,2024-07-10 02:42:10,2024-02-20 02:20:39,待修复,Apache Avro是美国阿帕奇（Apache）基金会的一个数据序列化系统。为 Apache Hadoop 提供数据序列化和数据交换服务。 Apache Avro Java SDK 1.11.2版本及之前版本存在代码问题漏洞，该漏洞源于读取器可能会消耗超出允许限制的内存，从而导致系统内存不足。,"建议受漏洞影响的用户升级组件到1.11.3 及以上版本。
https://github.com/apache/avro/releases/tag/release-1.11.3","https://lists.apache.org/thread/q142wj99cwdd0jo5lvdoxzoymlqyjdds,https://www.openwall.com/lists/oss-security/2023/09/29/6",2023-09-30
apache_hdfs_broker,commons-compress-1.21.jar,1.21,linux 64位,旗舰版,运行中,Apache Commons Compress 资源分配无限制漏洞(CVE-2024-26308),本地利用,应用漏洞,高危,2024-07-10 04:02:46,2024-02-24 02:37:14,待修复,Apache Commons Compress中存在无限循环漏洞。此漏洞影响Apache Commons Compress的版本范围为1.3至1.25.0。,"建议受影响的用户，及时升级至1.26.0及以上版本。
https://commons.apache.org/proper/commons-compress/download_compress.cgi","https://lists.apache.org/thread/ch5yo2d21p7vlqrhll9b17otbyq4npfg,http://www.openwall.com/lists/oss-security/2024/02/19/2",2024-02-19
apache_hdfs_broker,cos_api-bundle-5.6.35.jar,2.10.3,linux 64位,旗舰版,运行中,Apache Commons Compress 资源分配无限制漏洞(CVE-2024-26308),本地利用,应用漏洞,高危,2024-07-10 04:36:06,2024-04-03 02:36:53,待修复,在jackson-databind 受影响版本中使用JDK序列化对sonNode值进行序列化和反序列化时，攻击者可能会发送一个4字节长的有效负载，其值为Integer.MAX_VALUE，会导致较大的缓冲区分配和堆内存不足，进而造成拒绝服务。,"使用2.12及之前版本的用户，建议将组件 com.fasterxml.jackson.core:jackson-databind 升级至 2.12.6 及以上版本；
使用2.13.x的用户，建议将组件 com.fasterxml.jackson.core:jackson-databind 升级至 2.13.1 及以上版本。

https://github.com/FasterXML/jackson-databind/tags","https://github.com/FasterXML/jackson-databind/issues/3328,https://groups.google.com/g/jackson-user/c/OsBsirPM_Vw",2023-03-19
apache_hdfs_broker,htrace-core-3.1.0-incubating.jar,2.4.0,linux 64位,旗舰版,运行中,Apache Commons Compress 资源分配无限制漏洞(CVE-2024-26308),本地利用,应用漏洞,高危,2024-07-10 03:08:12,2023-10-11 02:34:50,待修复,2021年1月19日，jackson-databind官方发布安全通告，披露jackson-databind < 2.9.10.6存在一处反序列化漏洞，此漏洞可能导致远程代码漏洞执行。,"建议受影响的用户，及时升级至2.9.10.7及以上版本。
[2025-07-16 21:14:47 INFO] txt
[2025-07-16 21:14:47 INFO] preview top 10
[2025-07-16 21:14:47 INFO] 
服务,说明,版本,操作系统,版本,服务器状态,漏洞名称,漏洞标签,漏洞类型,威胁等级,最后检测时间,首次发现时间,状态,危害描述,修复方案,参考链接,披露时间
apache_hdfs_broker,avro-1.7.7.jar,1.7.7,linux 64位,旗舰版,运行中,Apache Avro 代码问题漏洞(CVE-2023-39410),本地利用,应用漏洞,高危,2024-07-10 02:42:10,2024-02-20 02:20:39,待修复,Apache Avro是美国阿帕奇（Apache）基金会的一个数据序列化系统。为 Apache Hadoop 提供数据序列化和数据交换服务。 Apache Avro Java SDK 1.11.2版本及之前版本存在代码问题漏洞，该漏洞源于读取器可能会消耗超出允许限制的内存，从而导致系统内存不足。,"建议受漏洞影响的用户升级组件到1.11.3 及以上版本。
https://github.com/apache/avro/releases/tag/release-1.11.3","https://lists.apache.org/thread/q142wj99cwdd0jo5lvdoxzoymlqyjdds,https://www.openwall.com/lists/oss-security/2023/09/29/6",2023-09-30
apache_hdfs_broker,commons-compress-1.21.jar,1.21,linux 64位,旗舰版,运行中,Apache Commons Compress 资源分配无限制漏洞(CVE-2024-26308),本地利用,应用漏洞,高危,2024-07-10 04:02:46,2024-02-24 02:37:14,待修复,Apache Commons Compress中存在无限循环漏洞。此漏洞影响Apache Commons Compress的版本范围为1.3至1.25.0。,"建议受影响的用户，及时升级至1.26.0及以上版本。
https://commons.apache.org/proper/commons-compress/download_compress.cgi","https://lists.apache.org/thread/ch5yo2d21p7vlqrhll9b17otbyq4npfg,http://www.openwall.com/lists/oss-security/2024/02/19/2",2024-02-19
apache_hdfs_broker,cos_api-bundle-5.6.35.jar,2.10.3,linux 64位,旗舰版,运行中,Apache Commons Compress 资源分配无限制漏洞(CVE-2024-26308),本地利用,应用漏洞,高危,2024-07-10 04:36:06,2024-04-03 02:36:53,待修复,在jackson-databind 受影响版本中使用JDK序列化对sonNode值进行序列化和反序列化时，攻击者可能会发送一个4字节长的有效负载，其值为Integer.MAX_VALUE，会导致较大的缓冲区分配和堆内存不足，进而造成拒绝服务。,"使用2.12及之前版本的用户，建议将组件 com.fasterxml.jackson.core:jackson-databind 升级至 2.12.6 及以上版本；
使用2.13.x的用户，建议将组件 com.fasterxml.jackson.core:jackson-databind 升级至 2.13.1 及以上版本。

https://github.com/FasterXML/jackson-databind/tags","https://github.com/FasterXML/jackson-databind/issues/3328,https://groups.google.com/g/jackson-user/c/OsBsirPM_Vw",2023-03-19
apache_hdfs_broker,htrace-core-3.1.0-incubating.jar,2.4.0,linux 64位,旗舰版,运行中,Apache Commons Compress 资源分配无限制漏洞(CVE-2024-26308),本地利用,应用漏洞,高危,2024-07-10 03:08:12,2023-10-11 02:34:50,待修复,2021年1月19日，jackson-databind官方发布安全通告，披露jackson-databind < 2.9.10.6存在一处反序列化漏洞，此漏洞可能导致远程代码漏洞执行。,"建议受影响的用户，及时升级至2.9.10.7及以上版本。
[2025-07-16 21:14:48 INFO] preview top 10
[2025-07-16 21:14:48 INFO] txt
[2025-07-16 21:14:48 INFO] 
服务,说明,版本,操作系统,版本,服务器状态,漏洞名称,漏洞标签,漏洞类型,威胁等级,最后检测时间,首次发现时间,状态,危害描述,修复方案,参考链接,披露时间
apache_hdfs_broker,avro-1.7.7.jar,1.7.7,linux 64位,旗舰版,运行中,Apache Avro 代码问题漏洞(CVE-2023-39410),本地利用,应用漏洞,高危,2024-07-10 02:42:10,2024-02-20 02:20:39,待修复,Apache Avro是美国阿帕奇（Apache）基金会的一个数据序列化系统。为 Apache Hadoop 提供数据序列化和数据交换服务。 Apache Avro Java SDK 1.11.2版本及之前版本存在代码问题漏洞，该漏洞源于读取器可能会消耗超出允许限制的内存，从而导致系统内存不足。,"建议受漏洞影响的用户升级组件到1.11.3 及以上版本。
https://github.com/apache/avro/releases/tag/release-1.11.3","https://lists.apache.org/thread/q142wj99cwdd0jo5lvdoxzoymlqyjdds,https://www.openwall.com/lists/oss-security/2023/09/29/6",2023-09-30
apache_hdfs_broker,commons-compress-1.21.jar,1.21,linux 64位,旗舰版,运行中,Apache Commons Compress 资源分配无限制漏洞(CVE-2024-26308),本地利用,应用漏洞,高危,2024-07-10 04:02:46,2024-02-24 02:37:14,待修复,Apache Commons Compress中存在无限循环漏洞。此漏洞影响Apache Commons Compress的版本范围为1.3至1.25.0。,"建议受影响的用户，及时升级至1.26.0及以上版本。
https://commons.apache.org/proper/commons-compress/download_compress.cgi","https://lists.apache.org/thread/ch5yo2d21p7vlqrhll9b17otbyq4npfg,http://www.openwall.com/lists/oss-security/2024/02/19/2",2024-02-19
apache_hdfs_broker,cos_api-bundle-5.6.35.jar,2.10.3,linux 64位,旗舰版,运行中,Apache Commons Compress 资源分配无限制漏洞(CVE-2024-26308),本地利用,应用漏洞,高危,2024-07-10 04:36:06,2024-04-03 02:36:53,待修复,在jackson-databind 受影响版本中使用JDK序列化对sonNode值进行序列化和反序列化时，攻击者可能会发送一个4字节长的有效负载，其值为Integer.MAX_VALUE，会导致较大的缓冲区分配和堆内存不足，进而造成拒绝服务。,"使用2.12及之前版本的用户，建议将组件 com.fasterxml.jackson.core:jackson-databind 升级至 2.12.6 及以上版本；
使用2.13.x的用户，建议将组件 com.fasterxml.jackson.core:jackson-databind 升级至 2.13.1 及以上版本。

https://github.com/FasterXML/jackson-databind/tags","https://github.com/FasterXML/jackson-databind/issues/3328,https://groups.google.com/g/jackson-user/c/OsBsirPM_Vw",2023-03-19
apache_hdfs_broker,htrace-core-3.1.0-incubating.jar,2.4.0,linux 64位,旗舰版,运行中,Apache Commons Compress 资源分配无限制漏洞(CVE-2024-26308),本地利用,应用漏洞,高危,2024-07-10 03:08:12,2023-10-11 02:34:50,待修复,2021年1月19日，jackson-databind官方发布安全通告，披露jackson-databind < 2.9.10.6存在一处反序列化漏洞，此漏洞可能导致远程代码漏洞执行。,"建议受影响的用户，及时升级至2.9.10.7及以上版本。
[2025-07-16 21:18:25 INFO] environment: StarRocks(Tencent Cloud) SR-ADHOC
[2025-07-16 21:18:25 INFO] ready.
[2025-07-16 21:18:26 WARN] please select a datafile
[2025-07-16 21:18:31 INFO] datafile: C:/Users/c0l0f9l/Music/StarRocks 3.1.12版本应用漏洞.xlsx
[2025-07-16 21:18:34 INFO] xlsx
[2025-07-16 21:18:34 INFO] xlsx2csv converting...
[2025-07-16 21:18:36 INFO] done.
[2025-07-16 21:18:36 INFO] 
﻿服务,说明,版本,操作系统,版本,服务器状态,漏洞名称,漏洞标签,漏洞类型,威胁等级,最后检测时间,首次发现时间,状态,危害描述,修复方案,参考链接,披露时间
apache_hdfs_broker,avro-1.7.7.jar,1.7.7,linux 64位,旗舰版,运行中,Apache Avro 代码问题漏洞(CVE-2023-39410),本地利用,应用漏洞,高危,2024-07-10 02:42:10,2024-02-20 02:20:39,待修复,Apache Avro是美国阿帕奇（Apache）基金会的一个数据序列化系统。为 Apache Hadoop 提供数据序列化和数据交换服务。 Apache Avro Java SDK 1.11.2版本及之前版本存在代码问题漏洞，该漏洞源于读取器可能会消耗超出允许限制的内存，从而导致系统内存不足。,"建议受漏洞影响的用户升级组件到1.11.3 及以上版本。
https://github.com/apache/avro/releases/tag/release-1.11.3","https://lists.apache.org/thread/q142wj99cwdd0jo5lvdoxzoymlqyjdds,https://www.openwall.com/lists/oss-security/2023/09/29/6",2023-09-30
apache_hdfs_broker,commons-compress-1.21.jar,1.21,linux 64位,旗舰版,运行中,Apache Commons Compress 资源分配无限制漏洞(CVE-2024-26308),本地利用,应用漏洞,高危,2024-07-10 04:02:46,2024-02-24 02:37:14,待修复,Apache Commons Compress中存在无限循环漏洞。此漏洞影响Apache Commons Compress的版本范围为1.3至1.25.0。,"建议受影响的用户，及时升级至1.26.0及以上版本。
https://commons.apache.org/proper/commons-compress/download_compress.cgi","https://lists.apache.org/thread/ch5yo2d21p7vlqrhll9b17otbyq4npfg,http://www.openwall.com/lists/oss-security/2024/02/19/2",2024-02-19
apache_hdfs_broker,cos_api-bundle-5.6.35.jar,2.10.3,linux 64位,旗舰版,运行中,Apache Commons Compress 资源分配无限制漏洞(CVE-2024-26308),本地利用,应用漏洞,高危,2024-07-10 04:36:06,2024-04-03 02:36:53,待修复,在jackson-databind 受影响版本中使用JDK序列化对sonNode值进行序列化和反序列化时，攻击者可能会发送一个4字节长的有效负载，其值为Integer.MAX_VALUE，会导致较大的缓冲区分配和堆内存不足，进而造成拒绝服务。,"使用2.12及之前版本的用户，建议将组件 com.fasterxml.jackson.core:jackson-databind 升级至 2.12.6 及以上版本；
使用2.13.x的用户，建议将组件 com.fasterxml.jackson.core:jackson-databind 升级至 2.13.1 及以上版本。

https://github.com/FasterXML/jackson-databind/tags","https://github.com/FasterXML/jackson-databind/issues/3328,https://groups.google.com/g/jackson-user/c/OsBsirPM_Vw",2023-03-19
apache_hdfs_broker,htrace-core-3.1.0-incubating.jar,2.4.0,linux 64位,旗舰版,运行中,Apache Commons Compress 资源分配无限制漏洞(CVE-2024-26308),本地利用,应用漏洞,高危,2024-07-10 03:08:12,2023-10-11 02:34:50,待修复,2021年1月19日，jackson-databind官方发布安全通告，披露jackson-databind < 2.9.10.6存在一处反序列化漏洞，此漏洞可能导致远程代码漏洞执行。,"建议受影响的用户，及时升级至2.9.10.7及以上版本。
[2025-07-16 21:18:36 INFO] preview top 10
[2025-07-16 21:22:03 INFO] environment: StarRocks(Tencent Cloud) SR-ADHOC
[2025-07-16 21:22:03 INFO] ready.
[2025-07-16 21:22:07 INFO] datafile: C:/Users/c0l0f9l/Music/StarRocks 3.1.12版本应用漏洞.xlsx
[2025-07-16 21:22:09 INFO] xlsx
[2025-07-16 21:22:09 INFO] xlsx2csv converting...
[2025-07-16 21:22:10 INFO] preview top 10
[2025-07-16 21:22:10 INFO] done.
[2025-07-16 21:22:10 INFO] 
﻿服务,说明,版本,操作系统,版本,服务器状态,漏洞名称,漏洞标签,漏洞类型,威胁等级,最后检测时间,首次发现时间,状态,危害描述,修复方案,参考链接,披露时间
apache_hdfs_broker,avro-1.7.7.jar,1.7.7,linux 64位,旗舰版,运行中,Apache Avro 代码问题漏洞(CVE-2023-39410),本地利用,应用漏洞,高危,2024-07-10 02:42:10,2024-02-20 02:20:39,待修复,Apache Avro是美国阿帕奇（Apache）基金会的一个数据序列化系统。为 Apache Hadoop 提供数据序列化和数据交换服务。 Apache Avro Java SDK 1.11.2版本及之前版本存在代码问题漏洞，该漏洞源于读取器可能会消耗超出允许限制的内存，从而导致系统内存不足。,"建议受漏洞影响的用户升级组件到1.11.3 及以上版本。
https://github.com/apache/avro/releases/tag/release-1.11.3","https://lists.apache.org/thread/q142wj99cwdd0jo5lvdoxzoymlqyjdds,https://www.openwall.com/lists/oss-security/2023/09/29/6",2023-09-30
apache_hdfs_broker,commons-compress-1.21.jar,1.21,linux 64位,旗舰版,运行中,Apache Commons Compress 资源分配无限制漏洞(CVE-2024-26308),本地利用,应用漏洞,高危,2024-07-10 04:02:46,2024-02-24 02:37:14,待修复,Apache Commons Compress中存在无限循环漏洞。此漏洞影响Apache Commons Compress的版本范围为1.3至1.25.0。,"建议受影响的用户，及时升级至1.26.0及以上版本。
https://commons.apache.org/proper/commons-compress/download_compress.cgi","https://lists.apache.org/thread/ch5yo2d21p7vlqrhll9b17otbyq4npfg,http://www.openwall.com/lists/oss-security/2024/02/19/2",2024-02-19
apache_hdfs_broker,cos_api-bundle-5.6.35.jar,2.10.3,linux 64位,旗舰版,运行中,Apache Commons Compress 资源分配无限制漏洞(CVE-2024-26308),本地利用,应用漏洞,高危,2024-07-10 04:36:06,2024-04-03 02:36:53,待修复,在jackson-databind 受影响版本中使用JDK序列化对sonNode值进行序列化和反序列化时，攻击者可能会发送一个4字节长的有效负载，其值为Integer.MAX_VALUE，会导致较大的缓冲区分配和堆内存不足，进而造成拒绝服务。,"使用2.12及之前版本的用户，建议将组件 com.fasterxml.jackson.core:jackson-databind 升级至 2.12.6 及以上版本；
使用2.13.x的用户，建议将组件 com.fasterxml.jackson.core:jackson-databind 升级至 2.13.1 及以上版本。

https://github.com/FasterXML/jackson-databind/tags","https://github.com/FasterXML/jackson-databind/issues/3328,https://groups.google.com/g/jackson-user/c/OsBsirPM_Vw",2023-03-19
apache_hdfs_broker,htrace-core-3.1.0-incubating.jar,2.4.0,linux 64位,旗舰版,运行中,Apache Commons Compress 资源分配无限制漏洞(CVE-2024-26308),本地利用,应用漏洞,高危,2024-07-10 03:08:12,2023-10-11 02:34:50,待修复,2021年1月19日，jackson-databind官方发布安全通告，披露jackson-databind < 2.9.10.6存在一处反序列化漏洞，此漏洞可能导致远程代码漏洞执行。,"建议受影响的用户，及时升级至2.9.10.7及以上版本。
[2025-07-16 21:23:11 INFO] txt
[2025-07-16 21:23:11 INFO] preview top 10
[2025-07-16 21:23:11 INFO] 
﻿服务,说明,版本,操作系统,版本,服务器状态,漏洞名称,漏洞标签,漏洞类型,威胁等级,最后检测时间,首次发现时间,状态,危害描述,修复方案,参考链接,披露时间
apache_hdfs_broker,avro-1.7.7.jar,1.7.7,linux 64位,旗舰版,运行中,Apache Avro 代码问题漏洞(CVE-2023-39410),本地利用,应用漏洞,高危,2024-07-10 02:42:10,2024-02-20 02:20:39,待修复,Apache Avro是美国阿帕奇（Apache）基金会的一个数据序列化系统。为 Apache Hadoop 提供数据序列化和数据交换服务。 Apache Avro Java SDK 1.11.2版本及之前版本存在代码问题漏洞，该漏洞源于读取器可能会消耗超出允许限制的内存，从而导致系统内存不足。,"建议受漏洞影响的用户升级组件到1.11.3 及以上版本。
https://github.com/apache/avro/releases/tag/release-1.11.3","https://lists.apache.org/thread/q142wj99cwdd0jo5lvdoxzoymlqyjdds,https://www.openwall.com/lists/oss-security/2023/09/29/6",2023-09-30
apache_hdfs_broker,commons-compress-1.21.jar,1.21,linux 64位,旗舰版,运行中,Apache Commons Compress 资源分配无限制漏洞(CVE-2024-26308),本地利用,应用漏洞,高危,2024-07-10 04:02:46,2024-02-24 02:37:14,待修复,Apache Commons Compress中存在无限循环漏洞。此漏洞影响Apache Commons Compress的版本范围为1.3至1.25.0。,"建议受影响的用户，及时升级至1.26.0及以上版本。
https://commons.apache.org/proper/commons-compress/download_compress.cgi","https://lists.apache.org/thread/ch5yo2d21p7vlqrhll9b17otbyq4npfg,http://www.openwall.com/lists/oss-security/2024/02/19/2",2024-02-19
apache_hdfs_broker,cos_api-bundle-5.6.35.jar,2.10.3,linux 64位,旗舰版,运行中,Apache Commons Compress 资源分配无限制漏洞(CVE-2024-26308),本地利用,应用漏洞,高危,2024-07-10 04:36:06,2024-04-03 02:36:53,待修复,在jackson-databind 受影响版本中使用JDK序列化对sonNode值进行序列化和反序列化时，攻击者可能会发送一个4字节长的有效负载，其值为Integer.MAX_VALUE，会导致较大的缓冲区分配和堆内存不足，进而造成拒绝服务。,"使用2.12及之前版本的用户，建议将组件 com.fasterxml.jackson.core:jackson-databind 升级至 2.12.6 及以上版本；
使用2.13.x的用户，建议将组件 com.fasterxml.jackson.core:jackson-databind 升级至 2.13.1 及以上版本。

https://github.com/FasterXML/jackson-databind/tags","https://github.com/FasterXML/jackson-databind/issues/3328,https://groups.google.com/g/jackson-user/c/OsBsirPM_Vw",2023-03-19
apache_hdfs_broker,htrace-core-3.1.0-incubating.jar,2.4.0,linux 64位,旗舰版,运行中,Apache Commons Compress 资源分配无限制漏洞(CVE-2024-26308),本地利用,应用漏洞,高危,2024-07-10 03:08:12,2023-10-11 02:34:50,待修复,2021年1月19日，jackson-databind官方发布安全通告，披露jackson-databind < 2.9.10.6存在一处反序列化漏洞，此漏洞可能导致远程代码漏洞执行。,"建议受影响的用户，及时升级至2.9.10.7及以上版本。
[2025-07-16 21:23:19 INFO] cancel...
[2025-07-16 21:23:24 INFO] datafile: C:/Users/c0l0f9l/Music/StarRocks 3.1.12版本应用漏洞.xlsx
[2025-07-16 21:23:28 INFO] xlsx
[2025-07-16 21:23:28 INFO] xlsx2csv converting...
[2025-07-16 21:23:29 INFO] done.
[2025-07-16 21:23:29 INFO] preview top 10
[2025-07-16 21:23:29 INFO] 
﻿服务,说明,版本,操作系统,版本,服务器状态,漏洞名称,漏洞标签,漏洞类型,威胁等级,最后检测时间,首次发现时间,状态,危害描述,修复方案,参考链接,披露时间
apache_hdfs_broker,avro-1.7.7.jar,1.7.7,linux 64位,旗舰版,运行中,Apache Avro 代码问题漏洞(CVE-2023-39410),本地利用,应用漏洞,高危,2024-07-10 02:42:10,2024-02-20 02:20:39,待修复,Apache Avro是美国阿帕奇（Apache）基金会的一个数据序列化系统。为 Apache Hadoop 提供数据序列化和数据交换服务。 Apache Avro Java SDK 1.11.2版本及之前版本存在代码问题漏洞，该漏洞源于读取器可能会消耗超出允许限制的内存，从而导致系统内存不足。,"建议受漏洞影响的用户升级组件到1.11.3 及以上版本。
https://github.com/apache/avro/releases/tag/release-1.11.3","https://lists.apache.org/thread/q142wj99cwdd0jo5lvdoxzoymlqyjdds,https://www.openwall.com/lists/oss-security/2023/09/29/6",2023-09-30
apache_hdfs_broker,commons-compress-1.21.jar,1.21,linux 64位,旗舰版,运行中,Apache Commons Compress 资源分配无限制漏洞(CVE-2024-26308),本地利用,应用漏洞,高危,2024-07-10 04:02:46,2024-02-24 02:37:14,待修复,Apache Commons Compress中存在无限循环漏洞。此漏洞影响Apache Commons Compress的版本范围为1.3至1.25.0。,"建议受影响的用户，及时升级至1.26.0及以上版本。
https://commons.apache.org/proper/commons-compress/download_compress.cgi","https://lists.apache.org/thread/ch5yo2d21p7vlqrhll9b17otbyq4npfg,http://www.openwall.com/lists/oss-security/2024/02/19/2",2024-02-19
apache_hdfs_broker,cos_api-bundle-5.6.35.jar,2.10.3,linux 64位,旗舰版,运行中,Apache Commons Compress 资源分配无限制漏洞(CVE-2024-26308),本地利用,应用漏洞,高危,2024-07-10 04:36:06,2024-04-03 02:36:53,待修复,在jackson-databind 受影响版本中使用JDK序列化对sonNode值进行序列化和反序列化时，攻击者可能会发送一个4字节长的有效负载，其值为Integer.MAX_VALUE，会导致较大的缓冲区分配和堆内存不足，进而造成拒绝服务。,"使用2.12及之前版本的用户，建议将组件 com.fasterxml.jackson.core:jackson-databind 升级至 2.12.6 及以上版本；
使用2.13.x的用户，建议将组件 com.fasterxml.jackson.core:jackson-databind 升级至 2.13.1 及以上版本。

https://github.com/FasterXML/jackson-databind/tags","https://github.com/FasterXML/jackson-databind/issues/3328,https://groups.google.com/g/jackson-user/c/OsBsirPM_Vw",2023-03-19
apache_hdfs_broker,htrace-core-3.1.0-incubating.jar,2.4.0,linux 64位,旗舰版,运行中,Apache Commons Compress 资源分配无限制漏洞(CVE-2024-26308),本地利用,应用漏洞,高危,2024-07-10 03:08:12,2023-10-11 02:34:50,待修复,2021年1月19日，jackson-databind官方发布安全通告，披露jackson-databind < 2.9.10.6存在一处反序列化漏洞，此漏洞可能导致远程代码漏洞执行。,"建议受影响的用户，及时升级至2.9.10.7及以上版本。
[2025-07-16 21:24:25 INFO] cancel...
[2025-07-16 21:24:46 INFO] datafile: C:/Users/c0l0f9l/Music/StarRocks 3.1.12版本应用漏洞_starload_.csv
[2025-07-16 21:24:47 INFO] 
﻿服务,说明,版本,操作系统,版本,服务器状态,漏洞名称,漏洞标签,漏洞类型,威胁等级,最后检测时间,首次发现时间,状态,危害描述,修复方案,参考链接,披露时间
apache_hdfs_broker,avro-1.7.7.jar,1.7.7,linux 64位,旗舰版,运行中,Apache Avro 代码问题漏洞(CVE-2023-39410),本地利用,应用漏洞,高危,2024-07-10 02:42:10,2024-02-20 02:20:39,待修复,Apache Avro是美国阿帕奇（Apache）基金会的一个数据序列化系统。为 Apache Hadoop 提供数据序列化和数据交换服务。 Apache Avro Java SDK 1.11.2版本及之前版本存在代码问题漏洞，该漏洞源于读取器可能会消耗超出允许限制的内存，从而导致系统内存不足。,"建议受漏洞影响的用户升级组件到1.11.3 及以上版本。
https://github.com/apache/avro/releases/tag/release-1.11.3","https://lists.apache.org/thread/q142wj99cwdd0jo5lvdoxzoymlqyjdds,https://www.openwall.com/lists/oss-security/2023/09/29/6",2023-09-30
apache_hdfs_broker,commons-compress-1.21.jar,1.21,linux 64位,旗舰版,运行中,Apache Commons Compress 资源分配无限制漏洞(CVE-2024-26308),本地利用,应用漏洞,高危,2024-07-10 04:02:46,2024-02-24 02:37:14,待修复,Apache Commons Compress中存在无限循环漏洞。此漏洞影响Apache Commons Compress的版本范围为1.3至1.25.0。,"建议受影响的用户，及时升级至1.26.0及以上版本。
https://commons.apache.org/proper/commons-compress/download_compress.cgi","https://lists.apache.org/thread/ch5yo2d21p7vlqrhll9b17otbyq4npfg,http://www.openwall.com/lists/oss-security/2024/02/19/2",2024-02-19
apache_hdfs_broker,cos_api-bundle-5.6.35.jar,2.10.3,linux 64位,旗舰版,运行中,Apache Commons Compress 资源分配无限制漏洞(CVE-2024-26308),本地利用,应用漏洞,高危,2024-07-10 04:36:06,2024-04-03 02:36:53,待修复,在jackson-databind 受影响版本中使用JDK序列化对sonNode值进行序列化和反序列化时，攻击者可能会发送一个4字节长的有效负载，其值为Integer.MAX_VALUE，会导致较大的缓冲区分配和堆内存不足，进而造成拒绝服务。,"使用2.12及之前版本的用户，建议将组件 com.fasterxml.jackson.core:jackson-databind 升级至 2.12.6 及以上版本；
使用2.13.x的用户，建议将组件 com.fasterxml.jackson.core:jackson-databind 升级至 2.13.1 及以上版本。

https://github.com/FasterXML/jackson-databind/tags","https://github.com/FasterXML/jackson-databind/issues/3328,https://groups.google.com/g/jackson-user/c/OsBsirPM_Vw",2023-03-19
apache_hdfs_broker,htrace-core-3.1.0-incubating.jar,2.4.0,linux 64位,旗舰版,运行中,Apache Commons Compress 资源分配无限制漏洞(CVE-2024-26308),本地利用,应用漏洞,高危,2024-07-10 03:08:12,2023-10-11 02:34:50,待修复,2021年1月19日，jackson-databind官方发布安全通告，披露jackson-databind < 2.9.10.6存在一处反序列化漏洞，此漏洞可能导致远程代码漏洞执行。,"建议受影响的用户，及时升级至2.9.10.7及以上版本。
[2025-07-16 21:24:47 INFO] preview top 10
[2025-07-16 21:24:47 INFO] txt
[2025-07-16 21:24:48 INFO] txt
[2025-07-16 21:24:48 INFO] preview top 10
[2025-07-16 21:24:48 INFO] 
﻿服务,说明,版本,操作系统,版本,服务器状态,漏洞名称,漏洞标签,漏洞类型,威胁等级,最后检测时间,首次发现时间,状态,危害描述,修复方案,参考链接,披露时间
apache_hdfs_broker,avro-1.7.7.jar,1.7.7,linux 64位,旗舰版,运行中,Apache Avro 代码问题漏洞(CVE-2023-39410),本地利用,应用漏洞,高危,2024-07-10 02:42:10,2024-02-20 02:20:39,待修复,Apache Avro是美国阿帕奇（Apache）基金会的一个数据序列化系统。为 Apache Hadoop 提供数据序列化和数据交换服务。 Apache Avro Java SDK 1.11.2版本及之前版本存在代码问题漏洞，该漏洞源于读取器可能会消耗超出允许限制的内存，从而导致系统内存不足。,"建议受漏洞影响的用户升级组件到1.11.3 及以上版本。
https://github.com/apache/avro/releases/tag/release-1.11.3","https://lists.apache.org/thread/q142wj99cwdd0jo5lvdoxzoymlqyjdds,https://www.openwall.com/lists/oss-security/2023/09/29/6",2023-09-30
apache_hdfs_broker,commons-compress-1.21.jar,1.21,linux 64位,旗舰版,运行中,Apache Commons Compress 资源分配无限制漏洞(CVE-2024-26308),本地利用,应用漏洞,高危,2024-07-10 04:02:46,2024-02-24 02:37:14,待修复,Apache Commons Compress中存在无限循环漏洞。此漏洞影响Apache Commons Compress的版本范围为1.3至1.25.0。,"建议受影响的用户，及时升级至1.26.0及以上版本。
https://commons.apache.org/proper/commons-compress/download_compress.cgi","https://lists.apache.org/thread/ch5yo2d21p7vlqrhll9b17otbyq4npfg,http://www.openwall.com/lists/oss-security/2024/02/19/2",2024-02-19
apache_hdfs_broker,cos_api-bundle-5.6.35.jar,2.10.3,linux 64位,旗舰版,运行中,Apache Commons Compress 资源分配无限制漏洞(CVE-2024-26308),本地利用,应用漏洞,高危,2024-07-10 04:36:06,2024-04-03 02:36:53,待修复,在jackson-databind 受影响版本中使用JDK序列化对sonNode值进行序列化和反序列化时，攻击者可能会发送一个4字节长的有效负载，其值为Integer.MAX_VALUE，会导致较大的缓冲区分配和堆内存不足，进而造成拒绝服务。,"使用2.12及之前版本的用户，建议将组件 com.fasterxml.jackson.core:jackson-databind 升级至 2.12.6 及以上版本；
使用2.13.x的用户，建议将组件 com.fasterxml.jackson.core:jackson-databind 升级至 2.13.1 及以上版本。

https://github.com/FasterXML/jackson-databind/tags","https://github.com/FasterXML/jackson-databind/issues/3328,https://groups.google.com/g/jackson-user/c/OsBsirPM_Vw",2023-03-19
apache_hdfs_broker,htrace-core-3.1.0-incubating.jar,2.4.0,linux 64位,旗舰版,运行中,Apache Commons Compress 资源分配无限制漏洞(CVE-2024-26308),本地利用,应用漏洞,高危,2024-07-10 03:08:12,2023-10-11 02:34:50,待修复,2021年1月19日，jackson-databind官方发布安全通告，披露jackson-databind < 2.9.10.6存在一处反序列化漏洞，此漏洞可能导致远程代码漏洞执行。,"建议受影响的用户，及时升级至2.9.10.7及以上版本。
[2025-07-16 21:24:49 INFO] txt
[2025-07-16 21:24:49 INFO] preview top 10
[2025-07-16 21:24:49 INFO] 
﻿服务,说明,版本,操作系统,版本,服务器状态,漏洞名称,漏洞标签,漏洞类型,威胁等级,最后检测时间,首次发现时间,状态,危害描述,修复方案,参考链接,披露时间
apache_hdfs_broker,avro-1.7.7.jar,1.7.7,linux 64位,旗舰版,运行中,Apache Avro 代码问题漏洞(CVE-2023-39410),本地利用,应用漏洞,高危,2024-07-10 02:42:10,2024-02-20 02:20:39,待修复,Apache Avro是美国阿帕奇（Apache）基金会的一个数据序列化系统。为 Apache Hadoop 提供数据序列化和数据交换服务。 Apache Avro Java SDK 1.11.2版本及之前版本存在代码问题漏洞，该漏洞源于读取器可能会消耗超出允许限制的内存，从而导致系统内存不足。,"建议受漏洞影响的用户升级组件到1.11.3 及以上版本。
https://github.com/apache/avro/releases/tag/release-1.11.3","https://lists.apache.org/thread/q142wj99cwdd0jo5lvdoxzoymlqyjdds,https://www.openwall.com/lists/oss-security/2023/09/29/6",2023-09-30
apache_hdfs_broker,commons-compress-1.21.jar,1.21,linux 64位,旗舰版,运行中,Apache Commons Compress 资源分配无限制漏洞(CVE-2024-26308),本地利用,应用漏洞,高危,2024-07-10 04:02:46,2024-02-24 02:37:14,待修复,Apache Commons Compress中存在无限循环漏洞。此漏洞影响Apache Commons Compress的版本范围为1.3至1.25.0。,"建议受影响的用户，及时升级至1.26.0及以上版本。
https://commons.apache.org/proper/commons-compress/download_compress.cgi","https://lists.apache.org/thread/ch5yo2d21p7vlqrhll9b17otbyq4npfg,http://www.openwall.com/lists/oss-security/2024/02/19/2",2024-02-19
apache_hdfs_broker,cos_api-bundle-5.6.35.jar,2.10.3,linux 64位,旗舰版,运行中,Apache Commons Compress 资源分配无限制漏洞(CVE-2024-26308),本地利用,应用漏洞,高危,2024-07-10 04:36:06,2024-04-03 02:36:53,待修复,在jackson-databind 受影响版本中使用JDK序列化对sonNode值进行序列化和反序列化时，攻击者可能会发送一个4字节长的有效负载，其值为Integer.MAX_VALUE，会导致较大的缓冲区分配和堆内存不足，进而造成拒绝服务。,"使用2.12及之前版本的用户，建议将组件 com.fasterxml.jackson.core:jackson-databind 升级至 2.12.6 及以上版本；
使用2.13.x的用户，建议将组件 com.fasterxml.jackson.core:jackson-databind 升级至 2.13.1 及以上版本。

https://github.com/FasterXML/jackson-databind/tags","https://github.com/FasterXML/jackson-databind/issues/3328,https://groups.google.com/g/jackson-user/c/OsBsirPM_Vw",2023-03-19
apache_hdfs_broker,htrace-core-3.1.0-incubating.jar,2.4.0,linux 64位,旗舰版,运行中,Apache Commons Compress 资源分配无限制漏洞(CVE-2024-26308),本地利用,应用漏洞,高危,2024-07-10 03:08:12,2023-10-11 02:34:50,待修复,2021年1月19日，jackson-databind官方发布安全通告，披露jackson-databind < 2.9.10.6存在一处反序列化漏洞，此漏洞可能导致远程代码漏洞执行。,"建议受影响的用户，及时升级至2.9.10.7及以上版本。
[2025-07-16 21:24:49 INFO] preview top 10
[2025-07-16 21:24:49 INFO] 
﻿服务,说明,版本,操作系统,版本,服务器状态,漏洞名称,漏洞标签,漏洞类型,威胁等级,最后检测时间,首次发现时间,状态,危害描述,修复方案,参考链接,披露时间
apache_hdfs_broker,avro-1.7.7.jar,1.7.7,linux 64位,旗舰版,运行中,Apache Avro 代码问题漏洞(CVE-2023-39410),本地利用,应用漏洞,高危,2024-07-10 02:42:10,2024-02-20 02:20:39,待修复,Apache Avro是美国阿帕奇（Apache）基金会的一个数据序列化系统。为 Apache Hadoop 提供数据序列化和数据交换服务。 Apache Avro Java SDK 1.11.2版本及之前版本存在代码问题漏洞，该漏洞源于读取器可能会消耗超出允许限制的内存，从而导致系统内存不足。,"建议受漏洞影响的用户升级组件到1.11.3 及以上版本。
https://github.com/apache/avro/releases/tag/release-1.11.3","https://lists.apache.org/thread/q142wj99cwdd0jo5lvdoxzoymlqyjdds,https://www.openwall.com/lists/oss-security/2023/09/29/6",2023-09-30
apache_hdfs_broker,commons-compress-1.21.jar,1.21,linux 64位,旗舰版,运行中,Apache Commons Compress 资源分配无限制漏洞(CVE-2024-26308),本地利用,应用漏洞,高危,2024-07-10 04:02:46,2024-02-24 02:37:14,待修复,Apache Commons Compress中存在无限循环漏洞。此漏洞影响Apache Commons Compress的版本范围为1.3至1.25.0。,"建议受影响的用户，及时升级至1.26.0及以上版本。
https://commons.apache.org/proper/commons-compress/download_compress.cgi","https://lists.apache.org/thread/ch5yo2d21p7vlqrhll9b17otbyq4npfg,http://www.openwall.com/lists/oss-security/2024/02/19/2",2024-02-19
apache_hdfs_broker,cos_api-bundle-5.6.35.jar,2.10.3,linux 64位,旗舰版,运行中,Apache Commons Compress 资源分配无限制漏洞(CVE-2024-26308),本地利用,应用漏洞,高危,2024-07-10 04:36:06,2024-04-03 02:36:53,待修复,在jackson-databind 受影响版本中使用JDK序列化对sonNode值进行序列化和反序列化时，攻击者可能会发送一个4字节长的有效负载，其值为Integer.MAX_VALUE，会导致较大的缓冲区分配和堆内存不足，进而造成拒绝服务。,"使用2.12及之前版本的用户，建议将组件 com.fasterxml.jackson.core:jackson-databind 升级至 2.12.6 及以上版本；
使用2.13.x的用户，建议将组件 com.fasterxml.jackson.core:jackson-databind 升级至 2.13.1 及以上版本。

https://github.com/FasterXML/jackson-databind/tags","https://github.com/FasterXML/jackson-databind/issues/3328,https://groups.google.com/g/jackson-user/c/OsBsirPM_Vw",2023-03-19
apache_hdfs_broker,htrace-core-3.1.0-incubating.jar,2.4.0,linux 64位,旗舰版,运行中,Apache Commons Compress 资源分配无限制漏洞(CVE-2024-26308),本地利用,应用漏洞,高危,2024-07-10 03:08:12,2023-10-11 02:34:50,待修复,2021年1月19日，jackson-databind官方发布安全通告，披露jackson-databind < 2.9.10.6存在一处反序列化漏洞，此漏洞可能导致远程代码漏洞执行。,"建议受影响的用户，及时升级至2.9.10.7及以上版本。
[2025-07-16 21:24:49 INFO] txt
[2025-07-16 21:24:49 INFO] txt
[2025-07-16 21:24:49 INFO] 
﻿服务,说明,版本,操作系统,版本,服务器状态,漏洞名称,漏洞标签,漏洞类型,威胁等级,最后检测时间,首次发现时间,状态,危害描述,修复方案,参考链接,披露时间
apache_hdfs_broker,avro-1.7.7.jar,1.7.7,linux 64位,旗舰版,运行中,Apache Avro 代码问题漏洞(CVE-2023-39410),本地利用,应用漏洞,高危,2024-07-10 02:42:10,2024-02-20 02:20:39,待修复,Apache Avro是美国阿帕奇（Apache）基金会的一个数据序列化系统。为 Apache Hadoop 提供数据序列化和数据交换服务。 Apache Avro Java SDK 1.11.2版本及之前版本存在代码问题漏洞，该漏洞源于读取器可能会消耗超出允许限制的内存，从而导致系统内存不足。,"建议受漏洞影响的用户升级组件到1.11.3 及以上版本。
https://github.com/apache/avro/releases/tag/release-1.11.3","https://lists.apache.org/thread/q142wj99cwdd0jo5lvdoxzoymlqyjdds,https://www.openwall.com/lists/oss-security/2023/09/29/6",2023-09-30
apache_hdfs_broker,commons-compress-1.21.jar,1.21,linux 64位,旗舰版,运行中,Apache Commons Compress 资源分配无限制漏洞(CVE-2024-26308),本地利用,应用漏洞,高危,2024-07-10 04:02:46,2024-02-24 02:37:14,待修复,Apache Commons Compress中存在无限循环漏洞。此漏洞影响Apache Commons Compress的版本范围为1.3至1.25.0。,"建议受影响的用户，及时升级至1.26.0及以上版本。
https://commons.apache.org/proper/commons-compress/download_compress.cgi","https://lists.apache.org/thread/ch5yo2d21p7vlqrhll9b17otbyq4npfg,http://www.openwall.com/lists/oss-security/2024/02/19/2",2024-02-19
apache_hdfs_broker,cos_api-bundle-5.6.35.jar,2.10.3,linux 64位,旗舰版,运行中,Apache Commons Compress 资源分配无限制漏洞(CVE-2024-26308),本地利用,应用漏洞,高危,2024-07-10 04:36:06,2024-04-03 02:36:53,待修复,在jackson-databind 受影响版本中使用JDK序列化对sonNode值进行序列化和反序列化时，攻击者可能会发送一个4字节长的有效负载，其值为Integer.MAX_VALUE，会导致较大的缓冲区分配和堆内存不足，进而造成拒绝服务。,"使用2.12及之前版本的用户，建议将组件 com.fasterxml.jackson.core:jackson-databind 升级至 2.12.6 及以上版本；
使用2.13.x的用户，建议将组件 com.fasterxml.jackson.core:jackson-databind 升级至 2.13.1 及以上版本。

https://github.com/FasterXML/jackson-databind/tags","https://github.com/FasterXML/jackson-databind/issues/3328,https://groups.google.com/g/jackson-user/c/OsBsirPM_Vw",2023-03-19
apache_hdfs_broker,htrace-core-3.1.0-incubating.jar,2.4.0,linux 64位,旗舰版,运行中,Apache Commons Compress 资源分配无限制漏洞(CVE-2024-26308),本地利用,应用漏洞,高危,2024-07-10 03:08:12,2023-10-11 02:34:50,待修复,2021年1月19日，jackson-databind官方发布安全通告，披露jackson-databind < 2.9.10.6存在一处反序列化漏洞，此漏洞可能导致远程代码漏洞执行。,"建议受影响的用户，及时升级至2.9.10.7及以上版本。
[2025-07-16 21:24:49 INFO] preview top 10
[2025-07-16 21:24:50 INFO] preview top 10
[2025-07-16 21:24:50 INFO] txt
[2025-07-16 21:24:50 INFO] 
﻿服务,说明,版本,操作系统,版本,服务器状态,漏洞名称,漏洞标签,漏洞类型,威胁等级,最后检测时间,首次发现时间,状态,危害描述,修复方案,参考链接,披露时间
apache_hdfs_broker,avro-1.7.7.jar,1.7.7,linux 64位,旗舰版,运行中,Apache Avro 代码问题漏洞(CVE-2023-39410),本地利用,应用漏洞,高危,2024-07-10 02:42:10,2024-02-20 02:20:39,待修复,Apache Avro是美国阿帕奇（Apache）基金会的一个数据序列化系统。为 Apache Hadoop 提供数据序列化和数据交换服务。 Apache Avro Java SDK 1.11.2版本及之前版本存在代码问题漏洞，该漏洞源于读取器可能会消耗超出允许限制的内存，从而导致系统内存不足。,"建议受漏洞影响的用户升级组件到1.11.3 及以上版本。
https://github.com/apache/avro/releases/tag/release-1.11.3","https://lists.apache.org/thread/q142wj99cwdd0jo5lvdoxzoymlqyjdds,https://www.openwall.com/lists/oss-security/2023/09/29/6",2023-09-30
apache_hdfs_broker,commons-compress-1.21.jar,1.21,linux 64位,旗舰版,运行中,Apache Commons Compress 资源分配无限制漏洞(CVE-2024-26308),本地利用,应用漏洞,高危,2024-07-10 04:02:46,2024-02-24 02:37:14,待修复,Apache Commons Compress中存在无限循环漏洞。此漏洞影响Apache Commons Compress的版本范围为1.3至1.25.0。,"建议受影响的用户，及时升级至1.26.0及以上版本。
https://commons.apache.org/proper/commons-compress/download_compress.cgi","https://lists.apache.org/thread/ch5yo2d21p7vlqrhll9b17otbyq4npfg,http://www.openwall.com/lists/oss-security/2024/02/19/2",2024-02-19
apache_hdfs_broker,cos_api-bundle-5.6.35.jar,2.10.3,linux 64位,旗舰版,运行中,Apache Commons Compress 资源分配无限制漏洞(CVE-2024-26308),本地利用,应用漏洞,高危,2024-07-10 04:36:06,2024-04-03 02:36:53,待修复,在jackson-databind 受影响版本中使用JDK序列化对sonNode值进行序列化和反序列化时，攻击者可能会发送一个4字节长的有效负载，其值为Integer.MAX_VALUE，会导致较大的缓冲区分配和堆内存不足，进而造成拒绝服务。,"使用2.12及之前版本的用户，建议将组件 com.fasterxml.jackson.core:jackson-databind 升级至 2.12.6 及以上版本；
使用2.13.x的用户，建议将组件 com.fasterxml.jackson.core:jackson-databind 升级至 2.13.1 及以上版本。

https://github.com/FasterXML/jackson-databind/tags","https://github.com/FasterXML/jackson-databind/issues/3328,https://groups.google.com/g/jackson-user/c/OsBsirPM_Vw",2023-03-19
apache_hdfs_broker,htrace-core-3.1.0-incubating.jar,2.4.0,linux 64位,旗舰版,运行中,Apache Commons Compress 资源分配无限制漏洞(CVE-2024-26308),本地利用,应用漏洞,高危,2024-07-10 03:08:12,2023-10-11 02:34:50,待修复,2021年1月19日，jackson-databind官方发布安全通告，披露jackson-databind < 2.9.10.6存在一处反序列化漏洞，此漏洞可能导致远程代码漏洞执行。,"建议受影响的用户，及时升级至2.9.10.7及以上版本。
[2025-07-16 21:24:50 INFO] preview top 10
[2025-07-16 21:24:50 INFO] txt
[2025-07-16 21:24:50 INFO] 
﻿服务,说明,版本,操作系统,版本,服务器状态,漏洞名称,漏洞标签,漏洞类型,威胁等级,最后检测时间,首次发现时间,状态,危害描述,修复方案,参考链接,披露时间
apache_hdfs_broker,avro-1.7.7.jar,1.7.7,linux 64位,旗舰版,运行中,Apache Avro 代码问题漏洞(CVE-2023-39410),本地利用,应用漏洞,高危,2024-07-10 02:42:10,2024-02-20 02:20:39,待修复,Apache Avro是美国阿帕奇（Apache）基金会的一个数据序列化系统。为 Apache Hadoop 提供数据序列化和数据交换服务。 Apache Avro Java SDK 1.11.2版本及之前版本存在代码问题漏洞，该漏洞源于读取器可能会消耗超出允许限制的内存，从而导致系统内存不足。,"建议受漏洞影响的用户升级组件到1.11.3 及以上版本。
https://github.com/apache/avro/releases/tag/release-1.11.3","https://lists.apache.org/thread/q142wj99cwdd0jo5lvdoxzoymlqyjdds,https://www.openwall.com/lists/oss-security/2023/09/29/6",2023-09-30
apache_hdfs_broker,commons-compress-1.21.jar,1.21,linux 64位,旗舰版,运行中,Apache Commons Compress 资源分配无限制漏洞(CVE-2024-26308),本地利用,应用漏洞,高危,2024-07-10 04:02:46,2024-02-24 02:37:14,待修复,Apache Commons Compress中存在无限循环漏洞。此漏洞影响Apache Commons Compress的版本范围为1.3至1.25.0。,"建议受影响的用户，及时升级至1.26.0及以上版本。
https://commons.apache.org/proper/commons-compress/download_compress.cgi","https://lists.apache.org/thread/ch5yo2d21p7vlqrhll9b17otbyq4npfg,http://www.openwall.com/lists/oss-security/2024/02/19/2",2024-02-19
apache_hdfs_broker,cos_api-bundle-5.6.35.jar,2.10.3,linux 64位,旗舰版,运行中,Apache Commons Compress 资源分配无限制漏洞(CVE-2024-26308),本地利用,应用漏洞,高危,2024-07-10 04:36:06,2024-04-03 02:36:53,待修复,在jackson-databind 受影响版本中使用JDK序列化对sonNode值进行序列化和反序列化时，攻击者可能会发送一个4字节长的有效负载，其值为Integer.MAX_VALUE，会导致较大的缓冲区分配和堆内存不足，进而造成拒绝服务。,"使用2.12及之前版本的用户，建议将组件 com.fasterxml.jackson.core:jackson-databind 升级至 2.12.6 及以上版本；
使用2.13.x的用户，建议将组件 com.fasterxml.jackson.core:jackson-databind 升级至 2.13.1 及以上版本。

https://github.com/FasterXML/jackson-databind/tags","https://github.com/FasterXML/jackson-databind/issues/3328,https://groups.google.com/g/jackson-user/c/OsBsirPM_Vw",2023-03-19
apache_hdfs_broker,htrace-core-3.1.0-incubating.jar,2.4.0,linux 64位,旗舰版,运行中,Apache Commons Compress 资源分配无限制漏洞(CVE-2024-26308),本地利用,应用漏洞,高危,2024-07-10 03:08:12,2023-10-11 02:34:50,待修复,2021年1月19日，jackson-databind官方发布安全通告，披露jackson-databind < 2.9.10.6存在一处反序列化漏洞，此漏洞可能导致远程代码漏洞执行。,"建议受影响的用户，及时升级至2.9.10.7及以上版本。
[2025-07-16 21:24:51 INFO] preview top 10
[2025-07-16 21:24:51 INFO] txt
[2025-07-16 21:24:51 INFO] 
﻿服务,说明,版本,操作系统,版本,服务器状态,漏洞名称,漏洞标签,漏洞类型,威胁等级,最后检测时间,首次发现时间,状态,危害描述,修复方案,参考链接,披露时间
apache_hdfs_broker,avro-1.7.7.jar,1.7.7,linux 64位,旗舰版,运行中,Apache Avro 代码问题漏洞(CVE-2023-39410),本地利用,应用漏洞,高危,2024-07-10 02:42:10,2024-02-20 02:20:39,待修复,Apache Avro是美国阿帕奇（Apache）基金会的一个数据序列化系统。为 Apache Hadoop 提供数据序列化和数据交换服务。 Apache Avro Java SDK 1.11.2版本及之前版本存在代码问题漏洞，该漏洞源于读取器可能会消耗超出允许限制的内存，从而导致系统内存不足。,"建议受漏洞影响的用户升级组件到1.11.3 及以上版本。
https://github.com/apache/avro/releases/tag/release-1.11.3","https://lists.apache.org/thread/q142wj99cwdd0jo5lvdoxzoymlqyjdds,https://www.openwall.com/lists/oss-security/2023/09/29/6",2023-09-30
apache_hdfs_broker,commons-compress-1.21.jar,1.21,linux 64位,旗舰版,运行中,Apache Commons Compress 资源分配无限制漏洞(CVE-2024-26308),本地利用,应用漏洞,高危,2024-07-10 04:02:46,2024-02-24 02:37:14,待修复,Apache Commons Compress中存在无限循环漏洞。此漏洞影响Apache Commons Compress的版本范围为1.3至1.25.0。,"建议受影响的用户，及时升级至1.26.0及以上版本。
https://commons.apache.org/proper/commons-compress/download_compress.cgi","https://lists.apache.org/thread/ch5yo2d21p7vlqrhll9b17otbyq4npfg,http://www.openwall.com/lists/oss-security/2024/02/19/2",2024-02-19
apache_hdfs_broker,cos_api-bundle-5.6.35.jar,2.10.3,linux 64位,旗舰版,运行中,Apache Commons Compress 资源分配无限制漏洞(CVE-2024-26308),本地利用,应用漏洞,高危,2024-07-10 04:36:06,2024-04-03 02:36:53,待修复,在jackson-databind 受影响版本中使用JDK序列化对sonNode值进行序列化和反序列化时，攻击者可能会发送一个4字节长的有效负载，其值为Integer.MAX_VALUE，会导致较大的缓冲区分配和堆内存不足，进而造成拒绝服务。,"使用2.12及之前版本的用户，建议将组件 com.fasterxml.jackson.core:jackson-databind 升级至 2.12.6 及以上版本；
使用2.13.x的用户，建议将组件 com.fasterxml.jackson.core:jackson-databind 升级至 2.13.1 及以上版本。

https://github.com/FasterXML/jackson-databind/tags","https://github.com/FasterXML/jackson-databind/issues/3328,https://groups.google.com/g/jackson-user/c/OsBsirPM_Vw",2023-03-19
apache_hdfs_broker,htrace-core-3.1.0-incubating.jar,2.4.0,linux 64位,旗舰版,运行中,Apache Commons Compress 资源分配无限制漏洞(CVE-2024-26308),本地利用,应用漏洞,高危,2024-07-10 03:08:12,2023-10-11 02:34:50,待修复,2021年1月19日，jackson-databind官方发布安全通告，披露jackson-databind < 2.9.10.6存在一处反序列化漏洞，此漏洞可能导致远程代码漏洞执行。,"建议受影响的用户，及时升级至2.9.10.7及以上版本。
[2025-07-16 21:29:47 INFO] cancel...
[2025-07-16 21:29:51 INFO] datafile: C:/Users/c0l0f9l/Music/StarRocks 3.1.12版本应用漏洞_starload_.csv
[2025-07-16 21:29:54 INFO] datafile: C:/Users/c0l0f9l/Music/StarRocks 3.1.12版本应用漏洞.xlsx
[2025-07-16 21:29:59 WARN] please fill in the table name
[2025-07-16 21:30:05 WARN] please fill in the table name
[2025-07-16 21:30:06 WARN] please fill in the table name
[2025-07-16 21:30:06 WARN] please fill in the table name
[2025-07-16 21:30:33 INFO] max filter ratio: 0
[2025-07-16 21:30:33 INFO] spacers: ,
[2025-07-16 21:30:44 INFO] login...
[2025-07-16 21:30:44 INFO] demo.cnsfm_json
[2025-07-16 21:30:44 INFO] 15.6117ms
[2025-07-16 21:30:44 INFO] textfile.
[2025-07-16 21:30:44 INFO] loading...
[2025-07-16 21:30:44 INFO] demo.cnsfm_json
[2025-07-16 21:30:44 INFO] C:/Users/c0l0f9l/Music/StarRocks 3.1.12版本应用漏洞.xlsx
[2025-07-16 21:30:44 INFO] on going...
[2025-07-16 21:30:44 INFO] {"Name":"StarRocks 3.1.12版本应用漏洞.xlsx","Size":49033,"ModTime":"2025-07-16 21:22:00","Model":"application/zip","Count":146}
[2025-07-16 21:30:44 INFO] C:/Users/c0l0f9l/Music/StarRocks 3.1.12版本应用漏洞.xlsx
[2025-07-16 21:30:44 INFO] Total Time:97.8493ms
[2025-07-16 21:30:49 INFO] max filter ratio: 0
[2025-07-16 21:30:44 ERROR] {
    "TxnId": 411926194,
    "Label": "starload-6e40b28c-3fce-4224-948c-789d2f411ac0",
    "Status": "Fail",
    "Message": "too many filtered rows",
    "NumberTotalRows": 147,
    "NumberLoadedRows": 0,
    "NumberFilteredRows": 147,
    "NumberUnselectedRows": 0,
    "LoadBytes": 49033,
    "LoadTimeMs": 46,
    "BeginTxnTimeMs": 0,
    "StreamLoadPlanTimeMs": 1,
    "ReadDataTimeMs": 0,
    "WriteDataTimeMs": 44,
    "CommitAndPublishTimeMs": 0,
    "ErrorURL": "http://10.128.8.45:8040/api/_load_error_log?file=error_log_614040774ef10b16_73a43c1a0c6a6dbe"
}
[2025-07-16 21:30:45 INFO] finished.
[2025-07-16 21:30:44 INFO] analysis...
[2025-07-16 21:30:49 INFO] spacers: ,
[2025-07-16 21:30:44 ERROR] http://sr-adhoc.cn.wal-mart.com:8030/api/demo/cnsfm_json/_stream_load
[2025-07-16 21:30:45 ERROR] load failed
[2025-07-16 21:30:44 ERROR] 导入失败.
[2025-07-16 21:30:54 INFO] cancels the login
[2025-07-16 21:31:08 INFO] xlsx
[2025-07-16 21:31:08 INFO] xlsx2csv converting...
[2025-07-16 21:31:09 INFO] done.
[2025-07-16 21:31:09 INFO] preview top 10
[2025-07-16 21:31:09 INFO] 
﻿服务,说明,版本,操作系统,版本,服务器状态,漏洞名称,漏洞标签,漏洞类型,威胁等级,最后检测时间,首次发现时间,状态,危害描述,修复方案,参考链接,披露时间
apache_hdfs_broker,avro-1.7.7.jar,1.7.7,linux 64位,旗舰版,运行中,Apache Avro 代码问题漏洞(CVE-2023-39410),本地利用,应用漏洞,高危,2024-07-10 02:42:10,2024-02-20 02:20:39,待修复,Apache Avro是美国阿帕奇（Apache）基金会的一个数据序列化系统。为 Apache Hadoop 提供数据序列化和数据交换服务。 Apache Avro Java SDK 1.11.2版本及之前版本存在代码问题漏洞，该漏洞源于读取器可能会消耗超出允许限制的内存，从而导致系统内存不足。,"建议受漏洞影响的用户升级组件到1.11.3 及以上版本。
https://github.com/apache/avro/releases/tag/release-1.11.3","https://lists.apache.org/thread/q142wj99cwdd0jo5lvdoxzoymlqyjdds,https://www.openwall.com/lists/oss-security/2023/09/29/6",2023-09-30
apache_hdfs_broker,commons-compress-1.21.jar,1.21,linux 64位,旗舰版,运行中,Apache Commons Compress 资源分配无限制漏洞(CVE-2024-26308),本地利用,应用漏洞,高危,2024-07-10 04:02:46,2024-02-24 02:37:14,待修复,Apache Commons Compress中存在无限循环漏洞。此漏洞影响Apache Commons Compress的版本范围为1.3至1.25.0。,"建议受影响的用户，及时升级至1.26.0及以上版本。
https://commons.apache.org/proper/commons-compress/download_compress.cgi","https://lists.apache.org/thread/ch5yo2d21p7vlqrhll9b17otbyq4npfg,http://www.openwall.com/lists/oss-security/2024/02/19/2",2024-02-19
apache_hdfs_broker,cos_api-bundle-5.6.35.jar,2.10.3,linux 64位,旗舰版,运行中,Apache Commons Compress 资源分配无限制漏洞(CVE-2024-26308),本地利用,应用漏洞,高危,2024-07-10 04:36:06,2024-04-03 02:36:53,待修复,在jackson-databind 受影响版本中使用JDK序列化对sonNode值进行序列化和反序列化时，攻击者可能会发送一个4字节长的有效负载，其值为Integer.MAX_VALUE，会导致较大的缓冲区分配和堆内存不足，进而造成拒绝服务。,"使用2.12及之前版本的用户，建议将组件 com.fasterxml.jackson.core:jackson-databind 升级至 2.12.6 及以上版本；
使用2.13.x的用户，建议将组件 com.fasterxml.jackson.core:jackson-databind 升级至 2.13.1 及以上版本。

https://github.com/FasterXML/jackson-databind/tags","https://github.com/FasterXML/jackson-databind/issues/3328,https://groups.google.com/g/jackson-user/c/OsBsirPM_Vw",2023-03-19
apache_hdfs_broker,htrace-core-3.1.0-incubating.jar,2.4.0,linux 64位,旗舰版,运行中,Apache Commons Compress 资源分配无限制漏洞(CVE-2024-26308),本地利用,应用漏洞,高危,2024-07-10 03:08:12,2023-10-11 02:34:50,待修复,2021年1月19日，jackson-databind官方发布安全通告，披露jackson-databind < 2.9.10.6存在一处反序列化漏洞，此漏洞可能导致远程代码漏洞执行。,"建议受影响的用户，及时升级至2.9.10.7及以上版本。
[2025-07-16 21:32:11 INFO] preview top 10
[2025-07-16 21:32:11 INFO] txt
[2025-07-16 21:32:11 INFO] 
﻿服务,说明,版本,操作系统,版本,服务器状态,漏洞名称,漏洞标签,漏洞类型,威胁等级,最后检测时间,首次发现时间,状态,危害描述,修复方案,参考链接,披露时间
apache_hdfs_broker,avro-1.7.7.jar,1.7.7,linux 64位,旗舰版,运行中,Apache Avro 代码问题漏洞(CVE-2023-39410),本地利用,应用漏洞,高危,2024-07-10 02:42:10,2024-02-20 02:20:39,待修复,Apache Avro是美国阿帕奇（Apache）基金会的一个数据序列化系统。为 Apache Hadoop 提供数据序列化和数据交换服务。 Apache Avro Java SDK 1.11.2版本及之前版本存在代码问题漏洞，该漏洞源于读取器可能会消耗超出允许限制的内存，从而导致系统内存不足。,"建议受漏洞影响的用户升级组件到1.11.3 及以上版本。
https://github.com/apache/avro/releases/tag/release-1.11.3","https://lists.apache.org/thread/q142wj99cwdd0jo5lvdoxzoymlqyjdds,https://www.openwall.com/lists/oss-security/2023/09/29/6",2023-09-30
apache_hdfs_broker,commons-compress-1.21.jar,1.21,linux 64位,旗舰版,运行中,Apache Commons Compress 资源分配无限制漏洞(CVE-2024-26308),本地利用,应用漏洞,高危,2024-07-10 04:02:46,2024-02-24 02:37:14,待修复,Apache Commons Compress中存在无限循环漏洞。此漏洞影响Apache Commons Compress的版本范围为1.3至1.25.0。,"建议受影响的用户，及时升级至1.26.0及以上版本。
https://commons.apache.org/proper/commons-compress/download_compress.cgi","https://lists.apache.org/thread/ch5yo2d21p7vlqrhll9b17otbyq4npfg,http://www.openwall.com/lists/oss-security/2024/02/19/2",2024-02-19
apache_hdfs_broker,cos_api-bundle-5.6.35.jar,2.10.3,linux 64位,旗舰版,运行中,Apache Commons Compress 资源分配无限制漏洞(CVE-2024-26308),本地利用,应用漏洞,高危,2024-07-10 04:36:06,2024-04-03 02:36:53,待修复,在jackson-databind 受影响版本中使用JDK序列化对sonNode值进行序列化和反序列化时，攻击者可能会发送一个4字节长的有效负载，其值为Integer.MAX_VALUE，会导致较大的缓冲区分配和堆内存不足，进而造成拒绝服务。,"使用2.12及之前版本的用户，建议将组件 com.fasterxml.jackson.core:jackson-databind 升级至 2.12.6 及以上版本；
使用2.13.x的用户，建议将组件 com.fasterxml.jackson.core:jackson-databind 升级至 2.13.1 及以上版本。

https://github.com/FasterXML/jackson-databind/tags","https://github.com/FasterXML/jackson-databind/issues/3328,https://groups.google.com/g/jackson-user/c/OsBsirPM_Vw",2023-03-19
apache_hdfs_broker,htrace-core-3.1.0-incubating.jar,2.4.0,linux 64位,旗舰版,运行中,Apache Commons Compress 资源分配无限制漏洞(CVE-2024-26308),本地利用,应用漏洞,高危,2024-07-10 03:08:12,2023-10-11 02:34:50,待修复,2021年1月19日，jackson-databind官方发布安全通告，披露jackson-databind < 2.9.10.6存在一处反序列化漏洞，此漏洞可能导致远程代码漏洞执行。,"建议受影响的用户，及时升级至2.9.10.7及以上版本。
[2025-07-16 21:32:19 INFO] cancel...
[2025-07-17 09:44:00 INFO] environment: StarRocks(Tencent Cloud) SR-ADHOC
[2025-07-17 09:44:00 INFO] ready.
[2025-07-17 09:44:02 WARN] please select a datafile
[2025-07-17 09:44:02 WARN] please select a datafile
[2025-07-17 09:44:03 WARN] please select a datafile
[2025-07-17 09:48:23 INFO] datafile: C:/Users/c0l0f9l/Music/fake.xlsx
[2025-07-17 09:48:24 INFO] unknown
[2025-07-17 09:48:24 INFO] 
=T,%+A�x�H��sZ16Y&��M���,����������Ho�Ϳ��׸X,��(��@��ؚ�9��ℚt�1��Y�&/�R,��`��*����EP@���jV^�e�7��dAI&Hۈ�0�%4X[(bvt�3K'z���G����B1E����O^>� ~��z��Bࣔ��O����rEb,���8���]�U"O��q��w��j���ҥnֻ둟�c�Z�v�B��>�����e�
�PB�n�
8r'������g���/Y$d��v���ϵ�=t-�4n\�eVF��.,.^#����J�� �I�۵�)vHn?�l:B��/�\�]"DR��Cj�i�nrY��p�<n�]̏\ga�)�v �T�̓x���_�ftݺvu=�c��Tts��?eZ�x��k[�ո����;��a��_���{��)��������	:����3����������R>��H�OV��R�Av�S>ҮF�3��d���s����18il��ş��$��Y�w.
1B���0,d�,wc^�#��N��d.�R^���gI �8-ժ�[����e����Pd�O�5��bZG�F)��Oq͍��IJT�5e%M��2���*%`z ��;:�?��j%5�<���4l�隦�e��agÅf�������u��Y}T����l���Q�%��
���$���nc��'�hPs8���qͭ�.Q�+��Vy4B�Y+!$K;+�/�H�Q�yZ�[ 6�bw����T�nƱ+�bKK��m����1�>�%���B%?-_��~聣��:-�X��d۶�V���+�)�NS����i/EE�d?I]V�\���s������O�Yǽ+'3��"��rC���n������6��	=:b�����~bj�mn���`Rl�b�AGG�S���C�&Nhˋ�	�l�"]�+j�
���|�$�5~	i� ��œ}71�F��	Rog�b���o���	G_5D�]G�/�̿3h�Zѡ���hZf��%I��{]k��5���:�F�i���hT8efx�B�c�v"|�6���|��F������Y9J�ZXѥ�|��ykb �O]�e�Qꓝ���D����dvk����OQؙ�2�!�/f�TE�i�	�	e�M��=��3��GM���&�[ ΅$8��s�(��˰��������?i|�����p_v���
�R�.�]�q/K:�)p!
��	�ѧ�XI;Ӂ!v�NY��L`��D����V����9gL�K�buН��J�X+p.�sXO��_� J���s�	�/�B���W�[�v�BA����xuee�^��f��
T2�EDg�L,$R��[H�D#F����;�Q؊ϤP����2��f\I�B��� 7�Ȍ�|TlE�m7x�'O1��w(�H�$��o���E�$=��m�C�+
+in8���ljQ9��l�ԗq��P�3X����� 쩛�BȐ�ݩk�5e��4�mK�8���-�1��S�<r����~��=R���` �a�ם�CCI�V/���������8�β2��f񾟤q�~U#
[2025-07-17 09:48:24 INFO] preview top 10
[2025-07-17 09:48:48 INFO] cancel...
[2025-07-17 09:59:10 INFO] datafile: C:/Users/c0l0f9l/Music/StarRocks 3.1.12版本应用漏洞.xlsx
[2025-07-17 09:59:12 INFO] xlsx2csv converting...
[2025-07-17 09:59:12 INFO] xlsx
[2025-07-17 09:59:13 INFO] xlsx2csv converting...
[2025-07-17 09:59:14 INFO] xlsx2csv converting...
[2025-07-17 09:59:15 INFO] xlsx2csv converting...
[2025-07-17 09:59:16 INFO] xlsx2csv converting...
[2025-07-17 09:59:17 INFO] xlsx2csv converting...
[2025-07-17 09:59:18 INFO] xlsx2csv converting...
[2025-07-17 09:59:19 INFO] xlsx2csv converting...
[2025-07-17 09:59:20 INFO] xlsx2csv converting...
[2025-07-17 09:59:21 INFO] xlsx2csv converting...
[2025-07-17 09:59:22 INFO] xlsx2csv converting...
[2025-07-17 09:59:23 INFO] xlsx2csv converting...
[2025-07-17 09:59:24 INFO] xlsx2csv converting...
[2025-07-17 09:59:25 INFO] xlsx2csv converting...
[2025-07-17 09:59:26 INFO] xlsx2csv converting...
[2025-07-17 09:59:27 INFO] xlsx2csv converting...
[2025-07-17 09:59:28 INFO] xlsx2csv converting...
[2025-07-17 09:59:29 INFO] xlsx2csv converting...
[2025-07-17 09:59:30 INFO] xlsx2csv converting...
[2025-07-17 09:59:31 INFO] xlsx2csv converting...
[2025-07-17 09:59:32 INFO] xlsx2csv converting...
[2025-07-17 09:59:33 INFO] xlsx2csv converting...
[2025-07-17 09:59:34 INFO] xlsx2csv converting...
[2025-07-17 09:59:35 INFO] xlsx2csv converting...
[2025-07-17 09:59:36 INFO] xlsx2csv converting...
[2025-07-17 09:59:37 INFO] xlsx2csv converting...
[2025-07-17 09:59:38 INFO] xlsx2csv converting...
[2025-07-17 09:59:39 INFO] xlsx2csv converting...
[2025-07-17 09:59:40 INFO] xlsx2csv converting...
[2025-07-17 09:59:41 INFO] xlsx2csv converting...
[2025-07-17 09:59:42 INFO] xlsx2csv converting...
[2025-07-17 09:59:43 INFO] xlsx2csv converting...
[2025-07-17 09:59:44 INFO] xlsx2csv converting...
[2025-07-17 09:59:45 INFO] xlsx2csv converting...
[2025-07-17 09:59:46 INFO] xlsx2csv converting...
[2025-07-17 09:59:47 INFO] xlsx2csv converting...
[2025-07-17 09:59:48 INFO] xlsx2csv converting...
[2025-07-17 09:59:49 INFO] xlsx2csv converting...
[2025-07-17 09:59:50 INFO] xlsx2csv converting...
[2025-07-17 09:59:51 INFO] xlsx2csv converting...
[2025-07-17 09:59:52 INFO] xlsx2csv converting...
[2025-07-17 09:59:53 INFO] xlsx2csv converting...
[2025-07-17 09:59:54 INFO] xlsx2csv converting...
[2025-07-17 09:59:55 INFO] xlsx2csv converting...
[2025-07-17 09:59:56 INFO] xlsx2csv converting...
[2025-07-17 09:59:57 INFO] xlsx2csv converting...
[2025-07-17 09:59:58 INFO] xlsx2csv converting...
[2025-07-17 09:59:59 INFO] xlsx2csv converting...
[2025-07-17 10:00:00 INFO] xlsx2csv converting...
[2025-07-17 10:00:01 INFO] xlsx2csv converting...
[2025-07-17 10:00:02 INFO] xlsx2csv converting...
[2025-07-17 10:00:03 INFO] xlsx2csv converting...
[2025-07-17 10:00:04 INFO] xlsx2csv converting...
[2025-07-17 10:00:05 INFO] xlsx2csv converting...
[2025-07-17 10:00:06 INFO] xlsx2csv converting...
[2025-07-17 10:00:07 INFO] xlsx2csv converting...
[2025-07-17 10:00:08 INFO] xlsx2csv converting...
[2025-07-17 10:00:09 INFO] xlsx2csv converting...
[2025-07-17 10:00:10 INFO] xlsx2csv converting...
[2025-07-17 10:00:11 INFO] xlsx2csv converting...
[2025-07-17 10:00:12 INFO] xlsx2csv converting...
[2025-07-17 10:00:13 INFO] xlsx2csv converting...
[2025-07-17 10:00:14 INFO] xlsx2csv converting...
[2025-07-17 10:00:15 INFO] xlsx2csv converting...
[2025-07-17 10:00:16 INFO] xlsx2csv converting...
[2025-07-17 10:00:17 INFO] done.
[2025-07-17 10:00:17 INFO] 
﻿服务,说明,版本,操作系统,版本,服务器状态,漏洞名称,漏洞标签,漏洞类型,威胁等级,最后检测时间,首次发现时间,状态,危害描述,修复方案,参考链接,披露时间
apache_hdfs_broker,avro-1.7.7.jar,1.7.7,linux 64位,旗舰版,运行中,Apache Avro 代码问题漏洞(CVE-2023-39410),本地利用,应用漏洞,高危,2024-07-10 02:42:10,2024-02-20 02:20:39,待修复,Apache Avro是美国阿帕奇（Apache）基金会的一个数据序列化系统。为 Apache Hadoop 提供数据序列化和数据交换服务。 Apache Avro Java SDK 1.11.2版本及之前版本存在代码问题漏洞，该漏洞源于读取器可能会消耗超出允许限制的内存，从而导致系统内存不足。,"建议受漏洞影响的用户升级组件到1.11.3 及以上版本。
https://github.com/apache/avro/releases/tag/release-1.11.3","https://lists.apache.org/thread/q142wj99cwdd0jo5lvdoxzoymlqyjdds,https://www.openwall.com/lists/oss-security/2023/09/29/6",2023-09-30
0,commons-compress-1.21.jar,1.21,linux 64位,旗舰版,运行中,Apache Commons Compress 资源分配无限制漏洞(CVE-2024-26308),本地利用,应用漏洞,高危,2024-07-10 04:02:46,2024-02-24 02:37:14,待修复,Apache Commons Compress中存在无限循环漏洞。此漏洞影响Apache Commons Compress的版本范围为1.3至1.25.0。,"建议受影响的用户，及时升级至1.26.0及以上版本。
https://commons.apache.org/proper/commons-compress/download_compress.cgi","https://lists.apache.org/thread/ch5yo2d21p7vlqrhll9b17otbyq4npfg,http://www.openwall.com/lists/oss-security/2024/02/19/2",2024-02-19
0,commons-compress-1.21.jar,1.21,linux 64位,旗舰版,运行中,Apache Commons Compress 资源分配无限制漏洞(CVE-2024-26308),本地利用,应用漏洞,高危,2024-07-10 04:02:46,2024-02-24 02:37:14,待修复,Apache Commons Compress中存在无限循环漏洞。此漏洞影响Apache Commons Compress的版本范围为1.3至1.25.0。,"建议受影响的用户，及时升级至1.26.0及以上版本。
https://commons.apache.org/proper/commons-compress/download_compress.cgi","https://lists.apache.org/thread/ch5yo2d21p7vlqrhll9b17otbyq4npfg,http://www.openwall.com/lists/oss-security/2024/02/19/2",2024-02-19
0,commons-compress-1.21.jar,1.21,linux 64位,旗舰版,运行中,Apache Commons Compress 资源分配无限制漏洞(CVE-2024-26308),本地利用,应用漏洞,高危,2024-07-10 04:02:46,2024-02-24 02:37:14,待修复,Apache Commons Compress中存在无限循环漏洞。此漏洞影响Apache Commons Compress的版本范围为1.3至1.25.0。,"建议受影响的用户，及时升级至1.26.0及以上版本。
https://commons.apache.org/proper/commons-compress/download_compress.cgi","https://lists.apache.org/thread/ch5yo2d21p7vlqrhll9b17otbyq4npfg,http://www.openwall.com/lists/oss-security/2024/02/19/2",2024-02-19
0,commons-compress-1.21.jar,1.21,linux 64位,旗舰版,运行中,Apache Commons Compress 资源分配无限制漏洞(CVE-2024-26308),本地利用,应用漏洞,高危,2024-07-10 04:02:46,2024-02-24 02:37:14,待修复,Apache Commons Compress中存在无限循环漏洞。此漏洞影响Apache Commons Compress的版本范围为1.3至1.25.0。,"建议受影响的用户，及时升级至1.26.0及以上版本。
[2025-07-17 10:00:17 INFO] convert:C:/Users/c0l0f9l/Music/StarRocks 3.1.12版本应用漏洞_starload.csv
[2025-07-17 10:00:17 INFO] preview top 10
[2025-07-17 10:14:16 INFO] environment: StarRocks(Tencent Cloud) SR-ADHOC
[2025-07-17 10:14:16 INFO] ready.
[2025-07-17 10:14:21 INFO] datafile: C:/Users/c0l0f9l/Music/data.csv
[2025-07-17 10:14:23 INFO] txt
[2025-07-17 10:14:23 INFO] 
98143234,980081759,5,14,86"LG4K电视D.       ,86UP8100PCB         ,1X1   ,1     ,A,20,0514,0289800817590,LG电视      
98143234,980081759,5,14,86"LG4K电视D.       ,86UP8100PCB         ,1X1   ,1     ,A,20,0514,0289800817590,LG电视      
98143234,980081759,5,14,86"LG4K电视D.       ,86UP8100PCB         ,1X1   ,1     ,A,20,0514,0289800817590,LG电视      
98143234,980081759,5,14,86"LG4K电视D.       ,86UP8100PCB         ,1X1   ,1     ,A,20,0514,0289800817590,LG电视      
98149676,980081780,23,22,TNF印花短袖1X       ,白L                 ,      ,      ,I,22,2322,0019490148583,短袖T恤     
98149676,980081780,23,22,TNF印花短袖1X       ,白L                 ,      ,      ,I,22,2322,0019490148583,短袖T恤     
98149676,980081780,23,22,TNF印花短袖1X       ,白L                 ,      ,      ,I,22,2322,0019490148583,短袖T恤     
98149676,980081780,23,22,TNF印花短袖1X       ,白L                 ,      ,      ,I,22,2322,0019490148583,短袖T恤     
98378785,980081887,22,24,RL儿童T恤1X         ,绿L                 ,4X7   ,28    ,D,22,2224,0088585493121,RL短袖      
98378785,980081887,22,24,RL儿童T恤1X         ,绿L                 ,4X7   ,28    ,D,22,2224,0088585493121,RL短袖      
[2025-07-17 10:14:23 INFO] preview top 10
[2025-07-17 10:14:38 INFO] spacers: ,
[2025-07-17 10:14:38 INFO] max filter ratio: 0
[2025-07-17 10:14:45 INFO] login...
[2025-07-17 10:14:45 INFO] analysis...
[2025-07-17 10:14:45 INFO] demo.starload_debug
[2025-07-17 10:14:45 INFO] on going...
[2025-07-17 10:14:45 INFO] demo.starload_debug
[2025-07-17 10:14:45 INFO] loading...
[2025-07-17 10:14:45 INFO] C:/Users/c0l0f9l/Music/data.csv
[2025-07-17 10:14:45 INFO] {"Name":"data.csv","Size":61771736,"ModTime":"2025-07-14 15:34:45","Model":"text/plain; charset=utf-8","Count":499774}
[2025-07-17 10:14:45 INFO] 66.6498ms
[2025-07-17 10:14:45 INFO] C:/Users/c0l0f9l/Music/data.csv
[2025-07-17 10:14:45 INFO] textfile.
[2025-07-17 10:14:46 INFO] loading...
[2025-07-17 10:14:47 INFO] loading...
[2025-07-17 10:14:48 INFO] loading...
[2025-07-17 10:14:49 INFO] loading...
[2025-07-17 10:14:50 INFO] loading...
[2025-07-17 10:14:51 INFO] http://sr-adhoc.cn.wal-mart.com:8030/api/demo/starload_debug/_stream_load
[2025-07-17 10:14:51 INFO] Total Time:5.4687719s
[2025-07-17 10:14:51 INFO] {
    "TxnId": 412113034,
    "Label": "starload-bed8cc16-ab15-43da-af49-e20ebbe3102d",
    "Status": "Success",
    "Message": "OK",
    "NumberTotalRows": 499778,
    "NumberLoadedRows": 499778,
    "NumberFilteredRows": 0,
    "NumberUnselectedRows": 0,
    "LoadBytes": 61771736,
    "LoadTimeMs": 5360,
    "BeginTxnTimeMs": 0,
    "StreamLoadPlanTimeMs": 1,
    "ReadDataTimeMs": 34,
    "WriteDataTimeMs": 5336,
    "CommitAndPublishTimeMs": 22
}
[2025-07-17 10:14:51 INFO] 导入成功.
[2025-07-17 10:14:51 INFO] finished.
[2025-07-17 10:15:16 INFO] txt
[2025-07-17 10:15:16 INFO] 
98143234,980081759,5,14,86"LG4K电视D.       ,86UP8100PCB         ,1X1   ,1     ,A,20,0514,0289800817590,LG电视      
98143234,980081759,5,14,86"LG4K电视D.       ,86UP8100PCB         ,1X1   ,1     ,A,20,0514,0289800817590,LG电视      
98143234,980081759,5,14,86"LG4K电视D.       ,86UP8100PCB         ,1X1   ,1     ,A,20,0514,0289800817590,LG电视      
98143234,980081759,5,14,86"LG4K电视D.       ,86UP8100PCB         ,1X1   ,1     ,A,20,0514,0289800817590,LG电视      
98149676,980081780,23,22,TNF印花短袖1X       ,白L                 ,      ,      ,I,22,2322,0019490148583,短袖T恤     
98149676,980081780,23,22,TNF印花短袖1X       ,白L                 ,      ,      ,I,22,2322,0019490148583,短袖T恤     
98149676,980081780,23,22,TNF印花短袖1X       ,白L                 ,      ,      ,I,22,2322,0019490148583,短袖T恤     
98149676,980081780,23,22,TNF印花短袖1X       ,白L                 ,      ,      ,I,22,2322,0019490148583,短袖T恤     
98378785,980081887,22,24,RL儿童T恤1X         ,绿L                 ,4X7   ,28    ,D,22,2224,0088585493121,RL短袖      
98378785,980081887,22,24,RL儿童T恤1X         ,绿L                 ,4X7   ,28    ,D,22,2224,0088585493121,RL短袖      
[2025-07-17 10:15:16 INFO] preview top 10
[2025-07-17 10:15:44 ERROR] read C:/Users/c0l0f9l/Music/data.csv: The process cannot access the file because another process has locked a portion of the file.
[2025-07-17 10:17:06 INFO] txt
[2025-07-17 10:17:06 INFO] preview top 10
[2025-07-17 10:17:06 INFO] 
98143234,980081759,5,14,86"LG4K电视D.       ,86UP8100PCB         ,1X1   ,1     ,A,20,0514,0289800817590,LG电视      
98143234,980081759,5,14,86"LG4K电视D.       ,86UP8100PCB         ,1X1   ,1     ,A,20,0514,0289800817590,LG电视      
98143234,980081759,5,14,86"LG4K电视D.       ,86UP8100PCB         ,1X1   ,1     ,A,20,0514,0289800817590,LG电视      
98143234,980081759,5,14,86"LG4K电视D.       ,86UP8100PCB         ,1X1   ,1     ,A,20,0514,0289800817590,LG电视      
98149676,980081780,23,22,TNF印花短袖1X       ,白L                 ,      ,      ,I,22,2322,0019490148583,短袖T恤     
98149676,980081780,23,22,TNF印花短袖1X       ,白L                 ,      ,      ,I,22,2322,0019490148583,短袖T恤     
98149676,980081780,23,22,TNF印花短袖1X       ,白L                 ,      ,      ,I,22,2322,0019490148583,短袖T恤     
98149676,980081780,23,22,TNF印花短袖1X       ,白L                 ,      ,      ,I,22,2322,0019490148583,短袖T恤     
98378785,980081887,22,24,RL儿童T恤1X         ,绿L                 ,4X7   ,28    ,D,22,2224,0088585493121,RL短袖      
98378785,980081887,22,24,RL儿童T恤1X         ,绿L                 ,4X7   ,28    ,D,22,2224,0088585493121,RL短袖      
[2025-07-17 10:17:08 INFO] txt
[2025-07-17 10:17:08 INFO] preview top 10
[2025-07-17 10:17:08 INFO] 
98143234,980081759,5,14,86"LG4K电视D.       ,86UP8100PCB         ,1X1   ,1     ,A,20,0514,0289800817590,LG电视      
98143234,980081759,5,14,86"LG4K电视D.       ,86UP8100PCB         ,1X1   ,1     ,A,20,0514,0289800817590,LG电视      
98143234,980081759,5,14,86"LG4K电视D.       ,86UP8100PCB         ,1X1   ,1     ,A,20,0514,0289800817590,LG电视      
98143234,980081759,5,14,86"LG4K电视D.       ,86UP8100PCB         ,1X1   ,1     ,A,20,0514,0289800817590,LG电视      
98149676,980081780,23,22,TNF印花短袖1X       ,白L                 ,      ,      ,I,22,2322,0019490148583,短袖T恤     
98149676,980081780,23,22,TNF印花短袖1X       ,白L                 ,      ,      ,I,22,2322,0019490148583,短袖T恤     
98149676,980081780,23,22,TNF印花短袖1X       ,白L                 ,      ,      ,I,22,2322,0019490148583,短袖T恤     
98149676,980081780,23,22,TNF印花短袖1X       ,白L                 ,      ,      ,I,22,2322,0019490148583,短袖T恤     
98378785,980081887,22,24,RL儿童T恤1X         ,绿L                 ,4X7   ,28    ,D,22,2224,0088585493121,RL短袖      
98378785,980081887,22,24,RL儿童T恤1X         ,绿L                 ,4X7   ,28    ,D,22,2224,0088585493121,RL短袖      
[2025-07-17 10:17:15 INFO] cancel...
[2025-07-17 10:21:22 INFO] ready.
[2025-07-17 10:21:22 INFO] environment: StarRocks(Tencent Cloud) SR-ADHOC
[2025-07-17 10:21:28 INFO] datafile: C:/Users/c0l0f9l/Music/data.csv
[2025-07-17 10:21:34 INFO] preview top 10
[2025-07-17 10:21:34 INFO] 
98143234,980081759,5,14,86"LG4K电视D.       ,86UP8100PCB         ,1X1   ,1     ,A,20,0514,0289800817590,LG电视      
98143234,980081759,5,14,86"LG4K电视D.       ,86UP8100PCB         ,1X1   ,1     ,A,20,0514,0289800817590,LG电视      
98143234,980081759,5,14,86"LG4K电视D.       ,86UP8100PCB         ,1X1   ,1     ,A,20,0514,0289800817590,LG电视      
98143234,980081759,5,14,86"LG4K电视D.       ,86UP8100PCB         ,1X1   ,1     ,A,20,0514,0289800817590,LG电视      
98149676,980081780,23,22,TNF印花短袖1X       ,白L                 ,      ,      ,I,22,2322,0019490148583,短袖T恤     
98149676,980081780,23,22,TNF印花短袖1X       ,白L                 ,      ,      ,I,22,2322,0019490148583,短袖T恤     
98149676,980081780,23,22,TNF印花短袖1X       ,白L                 ,      ,      ,I,22,2322,0019490148583,短袖T恤     
98149676,980081780,23,22,TNF印花短袖1X       ,白L                 ,      ,      ,I,22,2322,0019490148583,短袖T恤     
98378785,980081887,22,24,RL儿童T恤1X         ,绿L                 ,4X7   ,28    ,D,22,2224,0088585493121,RL短袖      
98378785,980081887,22,24,RL儿童T恤1X         ,绿L                 ,4X7   ,28    ,D,22,2224,0088585493121,RL短袖      
[2025-07-17 10:21:34 INFO] txt
[2025-07-17 10:21:35 INFO] spacers: ,
[2025-07-17 10:21:35 INFO] max filter ratio: 0
[2025-07-17 10:21:45 INFO] login...
[2025-07-17 10:21:45 INFO] textfile.
[2025-07-17 10:21:45 INFO] C:/Users/c0l0f9l/Music/data.csv
[2025-07-17 10:21:45 INFO] demo.starload_debug
[2025-07-17 10:21:45 INFO] 36.5419ms
[2025-07-17 10:21:45 INFO] demo.starload_debug
[2025-07-17 10:21:45 INFO] {"Name":"data.csv","Size":61771736,"ModTime":"2025-07-14 15:34:45","Model":"text/plain; charset=utf-8","Count":499774}
[2025-07-17 10:21:45 INFO] C:/Users/c0l0f9l/Music/data.csv
[2025-07-17 10:21:45 INFO] loading...
[2025-07-17 10:21:45 INFO] analysis...
[2025-07-17 10:21:45 INFO] on going...
[2025-07-17 10:21:46 INFO] loading...
[2025-07-17 10:21:47 INFO] loading...
[2025-07-17 10:21:48 INFO] loading...
[2025-07-17 10:21:49 INFO] loading...
[2025-07-17 10:21:50 INFO] loading...
[2025-07-17 10:21:51 INFO] loading...
[2025-07-17 10:21:52 INFO] http://sr-adhoc.cn.wal-mart.com:8030/api/demo/starload_debug/_stream_load
[2025-07-17 10:21:52 INFO] Total Time:6.8831814s
[2025-07-17 10:21:52 INFO] 导入成功.
[2025-07-17 10:21:52 INFO] {
    "TxnId": 412116152,
    "Label": "starload-cae3d85c-9f31-4d25-b1f6-0475a08a44d3",
    "Status": "Success",
    "Message": "OK",
    "NumberTotalRows": 499778,
    "NumberLoadedRows": 499778,
    "NumberFilteredRows": 0,
    "NumberUnselectedRows": 0,
    "LoadBytes": 61771736,
    "LoadTimeMs": 6758,
    "BeginTxnTimeMs": 0,
    "StreamLoadPlanTimeMs": 1,
    "ReadDataTimeMs": 817,
    "WriteDataTimeMs": 6727,
    "CommitAndPublishTimeMs": 29
}
[2025-07-17 10:21:52 INFO] finished.
[2025-07-17 10:23:17 INFO] environment: StarRocks(Tencent Cloud) SR-ADHOC
[2025-07-17 10:23:17 INFO] ready.
[2025-07-17 10:23:21 INFO] datafile: C:/Users/c0l0f9l/Music/data.csv
[2025-07-17 10:23:28 INFO] file format: textfile
[2025-07-17 10:23:35 INFO] file format: json
[2025-07-17 10:23:44 INFO] datafile: C:/Users/c0l0f9l/Music/StarRocks 3.1.12版本应用漏洞.xlsx
[2025-07-17 10:23:46 INFO] xlsx
[2025-07-17 10:23:46 INFO] 暂不支持xlsx格式文件
[2025-07-17 10:23:47 INFO] 暂不支持xlsx格式文件
[2025-07-17 10:23:47 INFO] xlsx
[2025-07-17 10:23:47 INFO] xlsx
[2025-07-17 10:23:47 INFO] 暂不支持xlsx格式文件
[2025-07-17 10:23:48 INFO] 暂不支持xlsx格式文件
[2025-07-17 10:23:48 INFO] xlsx
[2025-07-17 10:23:48 INFO] xlsx
[2025-07-17 10:23:48 INFO] 暂不支持xlsx格式文件
[2025-07-17 10:23:49 INFO] 暂不支持xlsx格式文件
[2025-07-17 10:23:49 INFO] xlsx
[2025-07-17 10:24:25 INFO] datafile: C:/Users/c0l0f9l/Music/data.csv
[2025-07-17 10:24:26 INFO] txt
[2025-07-17 10:24:26 INFO] spacers: ,
[2025-07-17 10:24:26 INFO] max filter ratio: 0
[2025-07-17 10:24:33 INFO] login...
[2025-07-17 10:24:33 INFO] analysis...
[2025-07-17 10:24:33 INFO] demo.starload_debug
[2025-07-17 10:24:33 INFO] C:/Users/c0l0f9l/Music/data.csv
[2025-07-17 10:24:33 INFO] loading...
[2025-07-17 10:24:33 INFO] demo.starload_debug
[2025-07-17 10:24:33 INFO] C:/Users/c0l0f9l/Music/data.csv
[2025-07-17 10:24:33 INFO] {"Name":"data.csv","Size":61771736,"ModTime":"2025-07-14 15:34:45","Model":"text/plain; charset=utf-8","Count":499774}
[2025-07-17 10:24:33 INFO] json.
[2025-07-17 10:24:33 INFO] on going...
[2025-07-17 10:24:33 INFO] 35.6666ms
[2025-07-17 10:24:34 INFO] loading...
[2025-07-17 10:24:35 INFO] loading...
[2025-07-17 10:24:36 INFO] loading...
[2025-07-17 10:24:37 INFO] loading...
[2025-07-17 10:24:38 INFO] loading...
[2025-07-17 10:24:39 INFO] loading...
[2025-07-17 10:24:40 ERROR] http://sr-adhoc.cn.wal-mart.com:8030/api/demo/starload_debug/_stream_load
[2025-07-17 10:24:40 ERROR] {
    "TxnId": 412116793,
    "Label": "starload-c1053fc9-446d-44e1-82eb-2ff36f4f5f24",
    "Status": "Fail",
    "Message": "parse error. illegal json started with 9",
    "NumberTotalRows": 0,
    "NumberLoadedRows": 0,
    "NumberFilteredRows": 0,
    "NumberUnselectedRows": 0,
    "LoadBytes": 61771736,
    "LoadTimeMs": 5233,
    "BeginTxnTimeMs": 0,
    "StreamLoadPlanTimeMs": 1,
    "ReadDataTimeMs": 81,
    "WriteDataTimeMs": 5231,
    "CommitAndPublishTimeMs": 0
}
[2025-07-17 10:24:40 ERROR] 导入失败.
[2025-07-17 10:24:40 INFO] Total Time:6.5264374s
[2025-07-17 10:24:40 ERROR] load failed starload-c1053fc9-446d-44e1-82eb-2ff36f4f5f24
[2025-07-17 10:24:40 INFO] finished.
[2025-07-17 10:26:35 INFO] file format: textfile
[2025-07-17 10:26:36 INFO] txt
[2025-07-17 10:26:36 INFO] max filter ratio: 0
[2025-07-17 10:26:36 INFO] spacers: ,
[2025-07-17 10:26:43 INFO] login...
[2025-07-17 10:26:43 INFO] loading...
[2025-07-17 10:26:43 INFO] analysis...
[2025-07-17 10:26:43 INFO] demo.starload_debug
[2025-07-17 10:26:43 INFO] C:/Users/c0l0f9l/Music/data.csv
[2025-07-17 10:26:43 INFO] demo.starload_debug
[2025-07-17 10:26:43 INFO] textfile.
[2025-07-17 10:26:43 INFO] 33.7976ms
[2025-07-17 10:26:43 INFO] C:/Users/c0l0f9l/Music/data.csv
[2025-07-17 10:26:43 INFO] {"Name":"data.csv","Size":61771736,"ModTime":"2025-07-14 15:34:45","Model":"text/plain; charset=utf-8","Count":499774}
[2025-07-17 10:26:43 INFO] on going...
[2025-07-17 10:26:44 INFO] loading...
[2025-07-17 10:26:45 INFO] loading...
[2025-07-17 10:26:46 INFO] loading...
[2025-07-17 10:26:47 INFO] loading...
[2025-07-17 10:26:48 INFO] loading...
[2025-07-17 10:26:49 INFO] {
    "TxnId": 412117483,
    "Label": "starload-6942372e-849d-4f8d-b0f4-8df99db2e669",
    "Status": "Success",
    "Message": "OK",
    "NumberTotalRows": 499778,
    "NumberLoadedRows": 499778,
    "NumberFilteredRows": 0,
    "NumberUnselectedRows": 0,
    "LoadBytes": 61771736,
    "LoadTimeMs": 5472,
    "BeginTxnTimeMs": 0,
    "StreamLoadPlanTimeMs": 1,
    "ReadDataTimeMs": 15,
    "WriteDataTimeMs": 5444,
    "CommitAndPublishTimeMs": 25
}
[2025-07-17 10:26:49 INFO] 导入成功.
[2025-07-17 10:26:49 INFO] http://sr-adhoc.cn.wal-mart.com:8030/api/demo/starload_debug/_stream_load
[2025-07-17 10:26:49 INFO] Total Time:5.5755715s
[2025-07-17 10:26:49 INFO] finished.
[2025-07-17 10:36:57 INFO] txt
[2025-07-17 10:36:57 INFO] 
98143234,980081759,5,14,86"LG4K电视D.       ,86UP8100PCB         ,1X1   ,1     ,A,20,0514,0289800817590,LG电视      
98143234,980081759,5,14,86"LG4K电视D.       ,86UP8100PCB         ,1X1   ,1     ,A,20,0514,0289800817590,LG电视      
98143234,980081759,5,14,86"LG4K电视D.       ,86UP8100PCB         ,1X1   ,1     ,A,20,0514,0289800817590,LG电视      
98143234,980081759,5,14,86"LG4K电视D.       ,86UP8100PCB         ,1X1   ,1     ,A,20,0514,0289800817590,LG电视      
98149676,980081780,23,22,TNF印花短袖1X       ,白L                 ,      ,      ,I,22,2322,0019490148583,短袖T恤     
98149676,980081780,23,22,TNF印花短袖1X       ,白L                 ,      ,      ,I,22,2322,0019490148583,短袖T恤     
98149676,980081780,23,22,TNF印花短袖1X       ,白L                 ,      ,      ,I,22,2322,0019490148583,短袖T恤     
98149676,980081780,23,22,TNF印花短袖1X       ,白L                 ,      ,      ,I,22,2322,0019490148583,短袖T恤     
98378785,980081887,22,24,RL儿童T恤1X         ,绿L                 ,4X7   ,28    ,D,22,2224,0088585493121,RL短袖      
98378785,980081887,22,24,RL儿童T恤1X         ,绿L                 ,4X7   ,28    ,D,22,2224,0088585493121,RL短袖      
[2025-07-17 10:36:57 INFO] preview top 10
[2025-07-17 10:36:57 INFO] preview top 10
[2025-07-17 10:36:57 INFO] 
98143234,980081759,5,14,86"LG4K电视D.       ,86UP8100PCB         ,1X1   ,1     ,A,20,0514,0289800817590,LG电视      
98143234,980081759,5,14,86"LG4K电视D.       ,86UP8100PCB         ,1X1   ,1     ,A,20,0514,0289800817590,LG电视      
98143234,980081759,5,14,86"LG4K电视D.       ,86UP8100PCB         ,1X1   ,1     ,A,20,0514,0289800817590,LG电视      
98143234,980081759,5,14,86"LG4K电视D.       ,86UP8100PCB         ,1X1   ,1     ,A,20,0514,0289800817590,LG电视      
98149676,980081780,23,22,TNF印花短袖1X       ,白L                 ,      ,      ,I,22,2322,0019490148583,短袖T恤     
98149676,980081780,23,22,TNF印花短袖1X       ,白L                 ,      ,      ,I,22,2322,0019490148583,短袖T恤     
98149676,980081780,23,22,TNF印花短袖1X       ,白L                 ,      ,      ,I,22,2322,0019490148583,短袖T恤     
98149676,980081780,23,22,TNF印花短袖1X       ,白L                 ,      ,      ,I,22,2322,0019490148583,短袖T恤     
98378785,980081887,22,24,RL儿童T恤1X         ,绿L                 ,4X7   ,28    ,D,22,2224,0088585493121,RL短袖      
98378785,980081887,22,24,RL儿童T恤1X         ,绿L                 ,4X7   ,28    ,D,22,2224,0088585493121,RL短袖      
[2025-07-17 10:36:57 INFO] txt
[2025-07-17 10:36:57 INFO] txt
[2025-07-17 10:36:57 INFO] 
98143234,980081759,5,14,86"LG4K电视D.       ,86UP8100PCB         ,1X1   ,1     ,A,20,0514,0289800817590,LG电视      
98143234,980081759,5,14,86"LG4K电视D.       ,86UP8100PCB         ,1X1   ,1     ,A,20,0514,0289800817590,LG电视      
98143234,980081759,5,14,86"LG4K电视D.       ,86UP8100PCB         ,1X1   ,1     ,A,20,0514,0289800817590,LG电视      
98143234,980081759,5,14,86"LG4K电视D.       ,86UP8100PCB         ,1X1   ,1     ,A,20,0514,0289800817590,LG电视      
98149676,980081780,23,22,TNF印花短袖1X       ,白L                 ,      ,      ,I,22,2322,0019490148583,短袖T恤     
98149676,980081780,23,22,TNF印花短袖1X       ,白L                 ,      ,      ,I,22,2322,0019490148583,短袖T恤     
98149676,980081780,23,22,TNF印花短袖1X       ,白L                 ,      ,      ,I,22,2322,0019490148583,短袖T恤     
98149676,980081780,23,22,TNF印花短袖1X       ,白L                 ,      ,      ,I,22,2322,0019490148583,短袖T恤     
98378785,980081887,22,24,RL儿童T恤1X         ,绿L                 ,4X7   ,28    ,D,22,2224,0088585493121,RL短袖      
98378785,980081887,22,24,RL儿童T恤1X         ,绿L                 ,4X7   ,28    ,D,22,2224,0088585493121,RL短袖      
[2025-07-17 10:36:57 INFO] preview top 10
[2025-07-17 10:38:19 INFO] environment: StarRocks(Tencent Cloud) SR-ADHOC
[2025-07-17 10:38:19 INFO] ready.
[2025-07-17 10:38:20 WARN] please select a datafile
[2025-07-17 10:38:21 WARN] please select a datafile
[2025-07-17 10:38:21 WARN] please select a datafile
[2025-07-17 10:38:21 WARN] please select a datafile
[2025-07-17 11:31:00 INFO] 版本不存在暂时无法使用，30s后将退出，请更新版本
[2025-07-17 13:15:39 INFO] 版本不存在暂时无法使用，30s后将退出，请更新版本
[2025-07-17 13:28:30 INFO] environment: StarRocks(Tencent Cloud) SR-ADHOC
[2025-07-17 13:28:30 INFO] ready.
[2025-07-17 13:28:58 WARN] please select a datafile
[2025-07-17 13:28:59 WARN] please select a datafile
[2025-07-17 13:28:59 WARN] please select a datafile
[2025-07-17 13:28:59 WARN] please select a datafile
[2025-07-17 13:44:25 INFO] environment: StarRocks(Tencent Cloud) SR-ADHOC
[2025-07-17 13:44:25 INFO] ready.
[2025-07-17 13:44:44 INFO] load spacers: ;
[2025-07-17 13:44:44 INFO] load spacers: ^
[2025-07-17 13:44:45 INFO] load spacers: 	
[2025-07-17 13:49:06 INFO] environment: StarRocks(Tencent Cloud) SR-ADHOC
[2025-07-17 13:49:06 INFO] ready.
[2025-07-17 13:49:17 WARN] please select a datafile
[2025-07-17 13:49:17 WARN] please select a datafile
[2025-07-17 13:49:18 WARN] please select a datafile
[2025-07-17 13:49:18 WARN] please select a datafile
[2025-07-17 13:50:49 WARN] please select a datafile
[2025-07-17 13:50:50 WARN] please select a datafile
[2025-07-17 13:50:52 WARN] please select a datafile
[2025-07-17 13:50:52 WARN] please select a datafile
[2025-07-17 13:50:54 WARN] please select a datafile
[2025-07-17 13:50:54 WARN] please select a datafile
[2025-07-17 13:50:54 WARN] please select a datafile
[2025-07-17 13:53:08 INFO] environment: StarRocks(Tencent Cloud) SR-ADHOC
[2025-07-17 13:53:08 INFO] ready.
[2025-07-17 13:53:27 INFO] datafile: C:/Users/c0l0f9l/Music/data.csv
[2025-07-17 13:53:29 INFO] txt
[2025-07-17 13:53:29 INFO] 
98143234,980081759,5,14,86"LG4K电视D.       ,86UP8100PCB         ,1X1   ,1     ,A,20,0514,0289800817590,LG电视      
98143234,980081759,5,14,86"LG4K电视D.       ,86UP8100PCB         ,1X1   ,1     ,A,20,0514,0289800817590,LG电视      
98143234,980081759,5,14,86"LG4K电视D.       ,86UP8100PCB         ,1X1   ,1     ,A,20,0514,0289800817590,LG电视      
98143234,980081759,5,14,86"LG4K电视D.       ,86UP8100PCB         ,1X1   ,1     ,A,20,0514,0289800817590,LG电视      
98149676,980081780,23,22,TNF印花短袖1X       ,白L                 ,      ,      ,I,22,2322,0019490148583,短袖T恤     
98149676,980081780,23,22,TNF印花短袖1X       ,白L                 ,      ,      ,I,22,2322,0019490148583,短袖T恤     
98149676,980081780,23,22,TNF印花短袖1X       ,白L                 ,      ,      ,I,22,2322,0019490148583,短袖T恤     
98149676,980081780,23,22,TNF印花短袖1X       ,白L                 ,      ,      ,I,22,2322,0019490148583,短袖T恤     
98378785,980081887,22,24,RL儿童T恤1X         ,绿L                 ,4X7   ,28    ,D,22,2224,0088585493121,RL短袖      
98378785,980081887,22,24,RL儿童T恤1X         ,绿L                 ,4X7   ,28    ,D,22,2224,0088585493121,RL短袖      
[2025-07-17 13:53:29 INFO] preview top 10
[2025-07-17 13:54:34 INFO] txt
[2025-07-17 13:54:34 INFO] preview top 10
[2025-07-17 13:54:34 INFO] 
98143234,980081759,5,14,86"LG4K电视D.       ,86UP8100PCB         ,1X1   ,1     ,A,20,0514,0289800817590,LG电视      
98143234,980081759,5,14,86"LG4K电视D.       ,86UP8100PCB         ,1X1   ,1     ,A,20,0514,0289800817590,LG电视      
98143234,980081759,5,14,86"LG4K电视D.       ,86UP8100PCB         ,1X1   ,1     ,A,20,0514,0289800817590,LG电视      
98143234,980081759,5,14,86"LG4K电视D.       ,86UP8100PCB         ,1X1   ,1     ,A,20,0514,0289800817590,LG电视      
98149676,980081780,23,22,TNF印花短袖1X       ,白L                 ,      ,      ,I,22,2322,0019490148583,短袖T恤     
98149676,980081780,23,22,TNF印花短袖1X       ,白L                 ,      ,      ,I,22,2322,0019490148583,短袖T恤     
98149676,980081780,23,22,TNF印花短袖1X       ,白L                 ,      ,      ,I,22,2322,0019490148583,短袖T恤     
98149676,980081780,23,22,TNF印花短袖1X       ,白L                 ,      ,      ,I,22,2322,0019490148583,短袖T恤     
98378785,980081887,22,24,RL儿童T恤1X         ,绿L                 ,4X7   ,28    ,D,22,2224,0088585493121,RL短袖      
98378785,980081887,22,24,RL儿童T恤1X         ,绿L                 ,4X7   ,28    ,D,22,2224,0088585493121,RL短袖      
[2025-07-17 13:54:40 INFO] txt
[2025-07-17 13:54:40 INFO] max filter ratio: 0
[2025-07-17 13:54:40 INFO] spacers: ,
[2025-07-17 13:54:50 INFO] login...
[2025-07-17 13:54:50 INFO] analysis...
[2025-07-17 13:54:50 INFO] C:/Users/c0l0f9l/Music/data.csv
[2025-07-17 13:54:50 INFO] loading...
[2025-07-17 13:54:50 INFO] demo.starload_debug
[2025-07-17 13:54:50 INFO] on going...
[2025-07-17 13:54:50 INFO] 32.0978ms
[2025-07-17 13:54:50 INFO] {"Name":"data.csv","Size":61771736,"ModTime":"2025-07-14 15:34:45","Model":"text/plain; charset=utf-8","Count":499774}
[2025-07-17 13:54:50 INFO] C:/Users/c0l0f9l/Music/data.csv
[2025-07-17 13:54:50 INFO] demo.starload_debug
[2025-07-17 13:54:50 INFO] textfile.
[2025-07-17 13:54:51 INFO] loading...
[2025-07-17 13:54:52 INFO] loading...
[2025-07-17 13:54:53 INFO] loading...
[2025-07-17 13:54:54 INFO] loading...
[2025-07-17 13:54:55 INFO] loading...
[2025-07-17 13:54:56 INFO] http://sr-adhoc.cn.wal-mart.com:8030/api/demo/starload_debug/_stream_load
[2025-07-17 13:54:56 INFO] 导入成功.
[2025-07-17 13:54:56 INFO] {
    "TxnId": 412169837,
    "Label": "starload-e865b724-41cf-42cb-80b0-09341d95edc3",
    "Status": "Success",
    "Message": "OK",
    "NumberTotalRows": 499778,
    "NumberLoadedRows": 499778,
    "NumberFilteredRows": 0,
    "NumberUnselectedRows": 0,
    "LoadBytes": 61771736,
    "LoadTimeMs": 5829,
    "BeginTxnTimeMs": 0,
    "StreamLoadPlanTimeMs": 1,
    "ReadDataTimeMs": 23,
    "WriteDataTimeMs": 5793,
    "CommitAndPublishTimeMs": 34
}
[2025-07-17 13:54:56 INFO] Total Time:5.9536417s
[2025-07-17 13:54:56 INFO] finished.
[2025-07-17 13:55:11 INFO] txt
[2025-07-17 13:55:11 INFO] spacers: ,
[2025-07-17 13:55:11 INFO] the account password is loaded from the cache
[2025-07-17 13:55:11 INFO] loading...
[2025-07-17 13:55:11 INFO] demo.starload_debu
[2025-07-17 13:55:11 INFO] C:/Users/c0l0f9l/Music/data.csv
[2025-07-17 13:55:11 INFO] analysis...
[2025-07-17 13:55:11 INFO] 33.5696ms
[2025-07-17 13:55:11 INFO] {"Name":"data.csv","Size":61771736,"ModTime":"2025-07-14 15:34:45","Model":"text/plain; charset=utf-8","Count":499774}
[2025-07-17 13:55:11 INFO] textfile.
[2025-07-17 13:55:11 INFO] C:/Users/c0l0f9l/Music/data.csv
[2025-07-17 13:55:11 INFO] max filter ratio: 0
[2025-07-17 13:55:11 ERROR] http://sr-adhoc.cn.wal-mart.com:8030/api/demo/starload_debu/_stream_load
[2025-07-17 13:55:11 INFO] Total Time:122.195ms
[2025-07-17 13:55:11 ERROR] 导入失败.
[2025-07-17 13:55:11 ERROR] {
    "TxnId": -1,
    "Label": "starload-fac4f2e1-9ecc-4276-925b-5e1ea573ece9",
    "Status": "Fail",
    "Message": "unknown table \"demo.starload_debu\"",
    "NumberTotalRows": 0,
    "NumberLoadedRows": 0,
    "NumberFilteredRows": 0,
    "NumberUnselectedRows": 0,
    "LoadBytes": 0,
    "LoadTimeMs": 0,
    "BeginTxnTimeMs": 0,
    "StreamLoadPlanTimeMs": 0,
    "ReadDataTimeMs": 0,
    "WriteDataTimeMs": 0,
    "CommitAndPublishTimeMs": 0
}
[2025-07-17 13:55:12 ERROR] load failed starload-fac4f2e1-9ecc-4276-925b-5e1ea573ece9 unknown table "demo.starload_debu"
[2025-07-17 13:55:12 INFO] finished.
[2025-07-17 13:55:27 INFO] spacers: ,
[2025-07-17 13:55:27 INFO] txt
[2025-07-17 13:55:27 INFO] demo.starload_debu
[2025-07-17 13:55:27 INFO] the account password is loaded from the cache
[2025-07-17 13:55:27 INFO] analysis...
[2025-07-17 13:55:27 INFO] C:/Users/c0l0f9l/Music/data.csv
[2025-07-17 13:55:27 INFO] C:/Users/c0l0f9l/Music/data.csv
[2025-07-17 13:55:27 INFO] loading...
[2025-07-17 13:55:27 INFO] 34.6255ms
[2025-07-17 13:55:27 INFO] max filter ratio: 0
[2025-07-17 13:55:27 INFO] textfile.
[2025-07-17 13:55:27 ERROR] http://sr-adhoc.cn.wal-mart.com:8030/api/demo/starload_debu/_stream_load
[2025-07-17 13:55:27 INFO] Total Time:111.5249ms
[2025-07-17 13:55:27 ERROR] 导入失败.
[2025-07-17 13:55:27 ERROR] {
    "TxnId": -1,
    "Label": "starload-4b37a80d-a430-49d2-ba22-b1611d2f4908",
    "Status": "Fail",
    "Message": "unknown table \"demo.starload_debu\"",
    "NumberTotalRows": 0,
    "NumberLoadedRows": 0,
    "NumberFilteredRows": 0,
    "NumberUnselectedRows": 0,
    "LoadBytes": 0,
    "LoadTimeMs": 0,
    "BeginTxnTimeMs": 0,
    "StreamLoadPlanTimeMs": 0,
    "ReadDataTimeMs": 0,
    "WriteDataTimeMs": 0,
    "CommitAndPublishTimeMs": 0
}
[2025-07-17 13:55:27 INFO] {"Name":"data.csv","Size":61771736,"ModTime":"2025-07-14 15:34:45","Model":"text/plain; charset=utf-8","Count":499774}
[2025-07-17 13:55:28 ERROR] load failed starload-4b37a80d-a430-49d2-ba22-b1611d2f4908 unknown table "demo.starload_debu"
[2025-07-17 13:55:28 INFO] finished.
[2025-07-17 13:55:31 INFO] cancel...
[2025-07-17 13:59:19 WARN] please select a datafile
[2025-07-17 13:59:27 INFO] datafile: C:/Users/c0l0f9l/Music/data.csv
[2025-07-17 13:59:28 INFO] txt
[2025-07-17 13:59:28 INFO] preview top 10
[2025-07-17 13:59:28 INFO] 
98143234,980081759,5,14,86"LG4K电视D.       ,86UP8100PCB         ,1X1   ,1     ,A,20,0514,0289800817590,LG电视      
98143234,980081759,5,14,86"LG4K电视D.       ,86UP8100PCB         ,1X1   ,1     ,A,20,0514,0289800817590,LG电视      
98143234,980081759,5,14,86"LG4K电视D.       ,86UP8100PCB         ,1X1   ,1     ,A,20,0514,0289800817590,LG电视      
98143234,980081759,5,14,86"LG4K电视D.       ,86UP8100PCB         ,1X1   ,1     ,A,20,0514,0289800817590,LG电视      
98149676,980081780,23,22,TNF印花短袖1X       ,白L                 ,      ,      ,I,22,2322,0019490148583,短袖T恤     
98149676,980081780,23,22,TNF印花短袖1X       ,白L                 ,      ,      ,I,22,2322,0019490148583,短袖T恤     
98149676,980081780,23,22,TNF印花短袖1X       ,白L                 ,      ,      ,I,22,2322,0019490148583,短袖T恤     
98149676,980081780,23,22,TNF印花短袖1X       ,白L                 ,      ,      ,I,22,2322,0019490148583,短袖T恤     
98378785,980081887,22,24,RL儿童T恤1X         ,绿L                 ,4X7   ,28    ,D,22,2224,0088585493121,RL短袖      
98378785,980081887,22,24,RL儿童T恤1X         ,绿L                 ,4X7   ,28    ,D,22,2224,0088585493121,RL短袖      
[2025-07-17 13:59:33 INFO] max filter ratio: 0.2
[2025-07-17 13:59:33 INFO] spacers: ,
[2025-07-17 13:59:33 INFO] {"Name":"data.csv","Size":61771736,"ModTime":"2025-07-14 15:34:45","Model":"text/plain; charset=utf-8","Count":499774}
[2025-07-17 13:59:33 INFO] analysis...
[2025-07-17 13:59:33 INFO] C:/Users/c0l0f9l/Music/data.csv
[2025-07-17 13:59:33 INFO] textfile.
[2025-07-17 13:59:33 INFO] 38.5499ms
[2025-07-17 13:59:33 INFO] the account password is loaded from the cache
[2025-07-17 13:59:33 INFO] demo.starload_debug
[2025-07-17 13:59:33 INFO] C:/Users/c0l0f9l/Music/data.csv
[2025-07-17 13:59:33 INFO] txt
[2025-07-17 13:59:33 INFO] loading...
[2025-07-17 13:59:34 INFO] loading...
[2025-07-17 13:59:35 INFO] loading...
[2025-07-17 13:59:36 INFO] loading...
[2025-07-17 13:59:37 INFO] loading...
[2025-07-17 13:59:38 INFO] loading...
[2025-07-17 13:59:39 INFO] loading...
[2025-07-17 13:59:39 INFO] http://sr-adhoc.cn.wal-mart.com:8030/api/demo/starload_debug/_stream_load
[2025-07-17 13:59:39 INFO] Total Time:6.0213183s
[2025-07-17 13:59:39 INFO] {
    "TxnId": 412170881,
    "Label": "starload-ebe193a4-19ed-4dea-a4bc-953b913dc57f",
    "Status": "Success",
    "Message": "OK",
    "NumberTotalRows": 499778,
    "NumberLoadedRows": 499778,
    "NumberFilteredRows": 0,
    "NumberUnselectedRows": 0,
    "LoadBytes": 61771736,
    "LoadTimeMs": 5911,
    "BeginTxnTimeMs": 0,
    "StreamLoadPlanTimeMs": 1,
    "ReadDataTimeMs": 21,
    "WriteDataTimeMs": 5317,
    "CommitAndPublishTimeMs": 591
}
[2025-07-17 13:59:39 INFO] 导入成功.
[2025-07-17 13:59:40 INFO] finished.
[2025-07-17 13:59:48 INFO] txt
[2025-07-17 13:59:48 INFO] max filter ratio: 0.2
[2025-07-17 13:59:48 INFO] demo.starload_debug
[2025-07-17 13:59:48 INFO] loading...
[2025-07-17 13:59:48 INFO] C:/Users/c0l0f9l/Music/data.csv
[2025-07-17 13:59:48 INFO] analysis...
[2025-07-17 13:59:48 INFO] the account password is loaded from the cache
[2025-07-17 13:59:48 INFO] spacers: ,
[2025-07-17 13:59:48 INFO] textfile.
[2025-07-17 13:59:48 INFO] 42.98ms
[2025-07-17 13:59:48 INFO] C:/Users/c0l0f9l/Music/data.csv
[2025-07-17 13:59:48 INFO] {"Name":"data.csv","Size":61771736,"ModTime":"2025-07-14 15:34:45","Model":"text/plain; charset=utf-8","Count":499774}
[2025-07-17 13:59:49 INFO] loading...
[2025-07-17 13:59:50 INFO] loading...
[2025-07-17 13:59:51 INFO] loading...
[2025-07-17 13:59:52 INFO] loading...
[2025-07-17 13:59:53 INFO] loading...
[2025-07-17 13:59:54 INFO] loading...
[2025-07-17 13:59:55 INFO] loading...
[2025-07-17 13:59:56 INFO] loading...
[2025-07-17 13:59:57 INFO] http://sr-adhoc.cn.wal-mart.com:8030/api/demo/starload_debug/_stream_load
[2025-07-17 13:59:57 INFO] 导入成功.
[2025-07-17 13:59:57 INFO] {
    "TxnId": 412170913,
    "Label": "starload-c141020f-14c5-4ce2-9cc6-08daa7cfda37",
    "Status": "Success",
    "Message": "OK",
    "NumberTotalRows": 499778,
    "NumberLoadedRows": 499778,
    "NumberFilteredRows": 0,
    "NumberUnselectedRows": 0,
    "LoadBytes": 61771736,
    "LoadTimeMs": 8746,
    "BeginTxnTimeMs": 0,
    "StreamLoadPlanTimeMs": 1,
    "ReadDataTimeMs": 20,
    "WriteDataTimeMs": 8635,
    "CommitAndPublishTimeMs": 109
}
[2025-07-17 13:59:57 INFO] Total Time:8.8575801s
[2025-07-17 13:59:57 INFO] finished.
[2025-07-17 14:04:03 INFO] environment: StarRocks(Tencent Cloud) SR-ADHOC
[2025-07-17 14:04:03 INFO] ready.
[2025-07-17 14:11:34 INFO] environment: StarRocks(Tencent Cloud) SR-ADHOC
[2025-07-17 14:11:34 INFO] ready.
[2025-07-17 14:12:28 INFO] load spacers: 	
[2025-07-17 14:12:28 INFO] load spacers: 
[2025-07-17 14:12:29 INFO] load spacers: 	
[2025-07-17 14:12:30 INFO] load spacers: ^
[2025-07-17 14:12:31 INFO] load spacers: ;
[2025-07-17 14:12:33 INFO] load spacers: 	
[2025-07-17 14:12:35 INFO] load spacers: ,
[2025-07-17 14:12:37 INFO] load spacers: 	
[2025-07-17 14:12:38 INFO] load spacers: ,
[2025-07-17 14:12:39 INFO] load spacers: 	
[2025-07-17 14:12:40 INFO] load spacers: ,
[2025-07-17 14:12:41 INFO] json strip_outer_array: true
[2025-07-17 14:12:42 INFO] json strip_outer_array: false
[2025-07-17 14:12:44 INFO] file format: textfile
[2025-07-17 14:12:46 INFO] file format: json
[2025-07-17 14:12:47 INFO] file format: textfile
[2025-07-17 14:12:50 INFO] load spacers: ;
[2025-07-17 14:12:51 INFO] load spacers: ^
[2025-07-17 14:12:52 INFO] load spacers: ,
[2025-07-17 14:12:53 INFO] load spacers: 	
[2025-07-17 14:12:54 INFO] load spacers: ,
[2025-07-17 14:21:39 INFO] ready.
[2025-07-17 14:21:39 INFO] load environment:[StarRocks(Tencent Cloud) SR-ADHOC]
[2025-07-17 14:21:42 INFO] load spacers:[,]
[2025-07-17 14:21:43 INFO] load spacers:[	]
[2025-07-17 14:21:45 INFO] load spacers:[^]
[2025-07-17 14:21:46 INFO] load spacers:[;]
[2025-07-17 14:21:48 INFO] load spacers:[^]
[2025-07-17 14:21:49 INFO] load spacers:[	]
[2025-07-17 14:21:49 INFO] load strip_outer_array:[true]
[2025-07-17 14:21:51 INFO] load strip_outer_array:[false]
[2025-07-17 14:21:53 INFO] load strip_outer_array:[true]
[2025-07-17 14:21:53 INFO] load format:[textfile]
[2025-07-17 14:21:55 INFO] load format:[json]
[2025-07-17 14:22:00 INFO] load environment:[StarRocks(Tencent Cloud) SR-QA]
[2025-07-17 14:22:04 INFO] load environment:[StarRocks(Tencent Cloud) SR-QA]
[2025-07-17 14:22:49 INFO] load format:[textfile]
[2025-07-17 14:22:50 INFO] load strip_outer_array:[false]
[2025-07-17 14:22:51 INFO] load spacers:[,]
[2025-07-17 14:22:56 INFO] load datafile:[C:/Users/c0l0f9l/Music/data.csv]
[2025-07-17 14:22:57 INFO] txt
[2025-07-17 14:22:57 INFO] preview top 10
[2025-07-17 14:22:57 INFO] 
98143234,980081759,5,14,86"LG4K电视D.       ,86UP8100PCB         ,1X1   ,1     ,A,20,0514,0289800817590,LG电视      
98143234,980081759,5,14,86"LG4K电视D.       ,86UP8100PCB         ,1X1   ,1     ,A,20,0514,0289800817590,LG电视      
98143234,980081759,5,14,86"LG4K电视D.       ,86UP8100PCB         ,1X1   ,1     ,A,20,0514,0289800817590,LG电视      
98143234,980081759,5,14,86"LG4K电视D.       ,86UP8100PCB         ,1X1   ,1     ,A,20,0514,0289800817590,LG电视      
98149676,980081780,23,22,TNF印花短袖1X       ,白L                 ,      ,      ,I,22,2322,0019490148583,短袖T恤     
98149676,980081780,23,22,TNF印花短袖1X       ,白L                 ,      ,      ,I,22,2322,0019490148583,短袖T恤     
98149676,980081780,23,22,TNF印花短袖1X       ,白L                 ,      ,      ,I,22,2322,0019490148583,短袖T恤     
98149676,980081780,23,22,TNF印花短袖1X       ,白L                 ,      ,      ,I,22,2322,0019490148583,短袖T恤     
98378785,980081887,22,24,RL儿童T恤1X         ,绿L                 ,4X7   ,28    ,D,22,2224,0088585493121,RL短袖      
98378785,980081887,22,24,RL儿童T恤1X         ,绿L                 ,4X7   ,28    ,D,22,2224,0088585493121,RL短袖      
[2025-07-17 14:22:58 INFO] txt
[2025-07-17 14:22:58 INFO] spacers: ,
[2025-07-17 14:22:58 INFO] max filter ratio: 0
[2025-07-17 14:23:05 INFO] login...
[2025-07-17 14:23:05 INFO] C:/Users/c0l0f9l/Music/data.csv
[2025-07-17 14:23:05 INFO] demo.starload_debug
[2025-07-17 14:23:05 INFO] demo.starload_debug
[2025-07-17 14:23:05 INFO] loading...
[2025-07-17 14:23:05 INFO] on going...
[2025-07-17 14:23:05 INFO] {"Name":"data.csv","Size":61771736,"ModTime":"2025-07-14 15:34:45","Model":"text/plain; charset=utf-8","Count":499774}
[2025-07-17 14:23:05 INFO] 35.2346ms
[2025-07-17 14:23:05 INFO] textfile.
[2025-07-17 14:23:05 INFO] analysis...
[2025-07-17 14:23:05 INFO] C:/Users/c0l0f9l/Music/data.csv
[2025-07-17 14:23:06 INFO] loading...
[2025-07-17 14:23:07 INFO] loading...
[2025-07-17 14:23:08 INFO] loading...
[2025-07-17 14:23:09 INFO] loading...
[2025-07-17 14:23:10 INFO] loading...
[2025-07-17 14:23:11 INFO] loading...
[2025-07-17 14:23:11 INFO] http://sr-qa.cn.wal-mart.com:8030/api/demo/starload_debug/_stream_load
[2025-07-17 14:23:11 INFO] Total Time:6.070472s
[2025-07-17 14:23:11 INFO] 导入成功.
[2025-07-17 14:23:11 INFO] {
    "TxnId": 1346989,
    "Label": "starload-75335396-5d71-4ed2-970c-1c09fb4e29fe",
    "Status": "Success",
    "Message": "OK",
    "NumberTotalRows": 499778,
    "NumberLoadedRows": 499778,
    "NumberFilteredRows": 0,
    "NumberUnselectedRows": 0,
    "LoadBytes": 61771736,
    "LoadTimeMs": 5932,
    "BeginTxnTimeMs": 1,
    "StreamLoadPlanTimeMs": 28,
    "ReadDataTimeMs": 583,
    "WriteDataTimeMs": 5780,
    "CommitAndPublishTimeMs": 121
}
[2025-07-17 14:23:12 INFO] finished.
[2025-07-17 14:28:29 INFO] load environment:[]
[2025-07-17 14:30:11 INFO] load environment:[StarRocks(Tencent Cloud) SR-ADHOC]
[2025-07-17 14:30:11 INFO] ready.
[2025-07-17 14:38:00 INFO] load environment:[StarRocks(Tencent Cloud) SR-ADHOC]
[2025-07-17 14:38:00 INFO] ready.
[2025-07-17 14:38:04 INFO] load environment:[StarRocks(Tencent Cloud) SR-QA]
[2025-07-17 14:38:18 INFO] load datafile:[C:/Users/c0l0f9l/Music/data.csv]
[2025-07-17 14:38:19 INFO] preview top 10
[2025-07-17 14:38:19 INFO] txt
[2025-07-17 14:38:19 INFO] 
98143234,980081759,5,14,86"LG4K电视D.       ,86UP8100PCB         ,1X1   ,1     ,A,20,0514,0289800817590,LG电视      
98143234,980081759,5,14,86"LG4K电视D.       ,86UP8100PCB         ,1X1   ,1     ,A,20,0514,0289800817590,LG电视      
98143234,980081759,5,14,86"LG4K电视D.       ,86UP8100PCB         ,1X1   ,1     ,A,20,0514,0289800817590,LG电视      
98143234,980081759,5,14,86"LG4K电视D.       ,86UP8100PCB         ,1X1   ,1     ,A,20,0514,0289800817590,LG电视      
98149676,980081780,23,22,TNF印花短袖1X       ,白L                 ,      ,      ,I,22,2322,0019490148583,短袖T恤     
98149676,980081780,23,22,TNF印花短袖1X       ,白L                 ,      ,      ,I,22,2322,0019490148583,短袖T恤     
98149676,980081780,23,22,TNF印花短袖1X       ,白L                 ,      ,      ,I,22,2322,0019490148583,短袖T恤     
98149676,980081780,23,22,TNF印花短袖1X       ,白L                 ,      ,      ,I,22,2322,0019490148583,短袖T恤     
98378785,980081887,22,24,RL儿童T恤1X         ,绿L                 ,4X7   ,28    ,D,22,2224,0088585493121,RL短袖      
98378785,980081887,22,24,RL儿童T恤1X         ,绿L                 ,4X7   ,28    ,D,22,2224,0088585493121,RL短袖      
[2025-07-17 14:38:21 INFO] txt
[2025-07-17 14:38:21 INFO] spacers: ,
[2025-07-17 14:38:21 INFO] max filter ratio: 0
[2025-07-17 14:38:27 INFO] demo.starload_debug
[2025-07-17 14:38:27 INFO] login...
[2025-07-17 14:38:27 INFO] analysis...
[2025-07-17 14:38:27 INFO] C:/Users/c0l0f9l/Music/data.csv
[2025-07-17 14:38:27 INFO] demo.starload_debug
[2025-07-17 14:38:27 INFO] on going...
[2025-07-17 14:38:27 INFO] {"Name":"data.csv","Size":61771736,"ModTime":"2025-07-14 15:34:45","Model":"text/plain; charset=utf-8","Count":499774}
[2025-07-17 14:38:27 INFO] C:/Users/c0l0f9l/Music/data.csv
[2025-07-17 14:38:27 INFO] loading...
[2025-07-17 14:38:27 INFO] textfile.
[2025-07-17 14:38:27 INFO] 44.5858ms
[2025-07-17 14:38:28 INFO] loading...
[2025-07-17 14:38:29 INFO] loading...
[2025-07-17 14:38:30 INFO] loading...
[2025-07-17 14:38:31 INFO] loading...
[2025-07-17 14:38:32 INFO] loading...
[2025-07-17 14:38:33 INFO] loading...
[2025-07-17 14:38:34 INFO] http://sr-qa.cn.wal-mart.com:8030/api/demo/starload_debug/_stream_load
[2025-07-17 14:38:34 INFO] {
    "TxnId": 1347059,
    "Label": "starload-9de9f83b-063d-4943-9881-bac0c8dbf78c",
    "Status": "Success",
    "Message": "OK",
    "NumberTotalRows": 499778,
    "NumberLoadedRows": 499778,
    "NumberFilteredRows": 0,
    "NumberUnselectedRows": 0,
    "LoadBytes": 61771736,
    "LoadTimeMs": 6052,
    "BeginTxnTimeMs": 0,
    "StreamLoadPlanTimeMs": 1,
    "ReadDataTimeMs": 14,
    "WriteDataTimeMs": 5843,
    "CommitAndPublishTimeMs": 206
}
[2025-07-17 14:38:34 INFO] Total Time:6.1671001s
[2025-07-17 14:38:34 INFO] 导入成功.
[2025-07-17 14:38:34 INFO] finished.
[2025-07-17 14:38:34 INFO] {"StatusCode":0,"StatusMessage":"success","code":0,"data":{},"msg":"success"}
[2025-07-17 14:40:53 INFO] txt
[2025-07-17 14:40:53 INFO] spacers: ,
[2025-07-17 14:40:53 INFO] max filter ratio: 0
[2025-07-17 14:40:53 INFO] loading...
[2025-07-17 14:40:53 INFO] demo.starload_debu
[2025-07-17 14:40:53 INFO] analysis...
[2025-07-17 14:40:53 INFO] C:/Users/c0l0f9l/Music/data.csv
[2025-07-17 14:40:54 INFO] textfile.
[2025-07-17 14:40:53 INFO] the account password is loaded from the cache
[2025-07-17 14:40:54 INFO] {"Name":"data.csv","Size":61771736,"ModTime":"2025-07-14 15:34:45","Model":"text/plain; charset=utf-8","Count":499774}
[2025-07-17 14:40:54 INFO] C:/Users/c0l0f9l/Music/data.csv
[2025-07-17 14:40:54 INFO] 25.9176ms
[2025-07-17 14:40:54 ERROR] 导入失败.
[2025-07-17 14:40:54 ERROR] http://sr-qa.cn.wal-mart.com:8030/api/demo/starload_debu/_stream_load
[2025-07-17 14:40:54 INFO] Total Time:99.1918ms
[2025-07-17 14:40:54 ERROR] {
    "TxnId": -1,
    "Label": "starload-47418041-14aa-4e4a-a44e-66fa2db32e71",
    "Status": "Fail",
    "Message": "unknown table \"demo.starload_debu\"",
    "NumberTotalRows": 0,
    "NumberLoadedRows": 0,
    "NumberFilteredRows": 0,
    "NumberUnselectedRows": 0,
    "LoadBytes": 0,
    "LoadTimeMs": 0,
    "BeginTxnTimeMs": 0,
    "StreamLoadPlanTimeMs": 0,
    "ReadDataTimeMs": 0,
    "WriteDataTimeMs": 0,
    "CommitAndPublishTimeMs": 0
}
[2025-07-17 14:40:54 INFO] {"code":9499,"msg":"Bad Request","data":{}}
[2025-07-17 14:40:54 ERROR] load failed starload-47418041-14aa-4e4a-a44e-66fa2db32e71 unknown table "demo.starload_debu"
[2025-07-17 14:40:54 INFO] finished.
[2025-07-17 14:43:46 INFO] load environment:[StarRocks(Tencent Cloud) SR-ADHOC]
[2025-07-17 14:43:46 INFO] ready.
[2025-07-17 14:43:53 INFO] load environment:[StarRocks(Tencent Cloud) SR-QA]
[2025-07-17 14:44:02 INFO] load datafile:[C:/Users/c0l0f9l/Music/data.csv]
[2025-07-17 14:44:03 INFO] txt
[2025-07-17 14:44:03 INFO] preview top 10
[2025-07-17 14:44:03 INFO] 
98143234,980081759,5,14,86"LG4K电视D.       ,86UP8100PCB         ,1X1   ,1     ,A,20,0514,0289800817590,LG电视      
98143234,980081759,5,14,86"LG4K电视D.       ,86UP8100PCB         ,1X1   ,1     ,A,20,0514,0289800817590,LG电视      
98143234,980081759,5,14,86"LG4K电视D.       ,86UP8100PCB         ,1X1   ,1     ,A,20,0514,0289800817590,LG电视      
98143234,980081759,5,14,86"LG4K电视D.       ,86UP8100PCB         ,1X1   ,1     ,A,20,0514,0289800817590,LG电视      
98149676,980081780,23,22,TNF印花短袖1X       ,白L                 ,      ,      ,I,22,2322,0019490148583,短袖T恤     
98149676,980081780,23,22,TNF印花短袖1X       ,白L                 ,      ,      ,I,22,2322,0019490148583,短袖T恤     
98149676,980081780,23,22,TNF印花短袖1X       ,白L                 ,      ,      ,I,22,2322,0019490148583,短袖T恤     
98149676,980081780,23,22,TNF印花短袖1X       ,白L                 ,      ,      ,I,22,2322,0019490148583,短袖T恤     
98378785,980081887,22,24,RL儿童T恤1X         ,绿L                 ,4X7   ,28    ,D,22,2224,0088585493121,RL短袖      
98378785,980081887,22,24,RL儿童T恤1X         ,绿L                 ,4X7   ,28    ,D,22,2224,0088585493121,RL短袖      
[2025-07-17 14:44:04 INFO] txt
[2025-07-17 14:44:04 INFO] spacers: ,
[2025-07-17 14:44:04 INFO] max filter ratio: 0
[2025-07-17 14:44:14 INFO] login...
[2025-07-17 14:44:14 INFO] on going...
[2025-07-17 14:44:14 INFO] loading...
[2025-07-17 14:44:14 INFO] demo.starload_debug
[2025-07-17 14:44:14 INFO] C:/Users/c0l0f9l/Music/data.csv
[2025-07-17 14:44:14 INFO] analysis...
[2025-07-17 14:44:14 INFO] demo.starload_debug
[2025-07-17 14:44:14 INFO] 35.8144ms
[2025-07-17 14:44:14 INFO] C:/Users/c0l0f9l/Music/data.csv
[2025-07-17 14:44:14 INFO] {"Name":"data.csv","Size":61771736,"ModTime":"2025-07-14 15:34:45","Model":"text/plain; charset=utf-8","Count":499774}
[2025-07-17 14:44:14 INFO] textfile.
[2025-07-17 14:44:15 INFO] loading...
[2025-07-17 14:44:16 INFO] loading...
[2025-07-17 14:44:17 INFO] loading...
[2025-07-17 14:44:18 INFO] loading...
[2025-07-17 14:44:19 INFO] loading...
[2025-07-17 14:44:20 INFO] loading...
[2025-07-17 14:44:21 INFO] {
    "TxnId": 1347087,
    "Label": "starload-117a9df7-c0a5-4093-952b-8dcccc265adb",
    "Status": "Success",
    "Message": "OK",
    "NumberTotalRows": 499778,
    "NumberLoadedRows": 499778,
    "NumberFilteredRows": 0,
    "NumberUnselectedRows": 0,
    "LoadBytes": 61771736,
    "LoadTimeMs": 6189,
    "BeginTxnTimeMs": 1,
    "StreamLoadPlanTimeMs": 1,
    "ReadDataTimeMs": 19,
    "WriteDataTimeMs": 6053,
    "CommitAndPublishTimeMs": 133
}
[2025-07-17 14:44:21 INFO] 导入成功.
[2025-07-17 14:44:21 INFO] Total Time:6.3375702s
[2025-07-17 14:44:21 INFO] http://sr-qa.cn.wal-mart.com:8030/api/demo/starload_debug/_stream_load
[2025-07-17 14:44:21 INFO] {"StatusCode":0,"StatusMessage":"success","code":0,"data":{},"msg":"success"}
[2025-07-17 14:44:21 INFO] finished.
[2025-07-17 14:47:18 INFO] spacers: ,
[2025-07-17 14:47:18 INFO] txt
[2025-07-17 14:47:18 INFO] demo.starload_debu
[2025-07-17 14:47:18 INFO] C:/Users/c0l0f9l/Music/data.csv
[2025-07-17 14:47:18 INFO] analysis...
[2025-07-17 14:47:18 INFO] loading...
[2025-07-17 14:47:18 INFO] 33.9349ms
[2025-07-17 14:47:18 INFO] the account password is loaded from the cache
[2025-07-17 14:47:18 INFO] max filter ratio: 0
[2025-07-17 14:47:18 INFO] {"Name":"data.csv","Size":61771736,"ModTime":"2025-07-14 15:34:45","Model":"text/plain; charset=utf-8","Count":499774}
[2025-07-17 14:47:18 INFO] C:/Users/c0l0f9l/Music/data.csv
[2025-07-17 14:47:18 INFO] textfile.
[2025-07-17 14:47:18 INFO] Total Time:125.9352ms
[2025-07-17 14:47:18 ERROR] Put "http://10.128.252.127:8040/api/demo/starload_debu/_stream_load": readfrom tcp 10.14.5.198:56688->10.128.252.127:8040: write tcp 10.14.5.198:56688->10.128.252.127:8040: wsasend: An existing connection was forcibly closed by the remote host.
[2025-07-17 14:47:19 INFO] {"StatusCode":0,"StatusMessage":"success","code":0,"data":{},"msg":"success"}
[2025-07-17 14:47:19 ERROR] Put "http://10.128.252.127:8040/api/demo/starload_debu/_stream_load": readfrom tcp 10.14.5.198:56688->10.128.252.127:8040: write tcp 10.14.5.198:56688->10.128.252.127:8040: wsasend: An existing connection was forcibly closed by the remote host.
[2025-07-17 14:47:19 INFO] finished.
[2025-07-17 14:48:13 INFO] spacers: ,
[2025-07-17 14:48:13 INFO] loading...
[2025-07-17 14:48:13 INFO] txt
[2025-07-17 14:48:13 INFO] C:/Users/c0l0f9l/Music/data.csv
[2025-07-17 14:48:13 INFO] 40.1369ms
[2025-07-17 14:48:13 INFO] max filter ratio: 0
[2025-07-17 14:48:13 INFO] C:/Users/c0l0f9l/Music/data.csv
[2025-07-17 14:48:13 INFO] textfile.
[2025-07-17 14:48:13 INFO] the account password is loaded from the cache
[2025-07-17 14:48:13 INFO] {"Name":"data.csv","Size":61771736,"ModTime":"2025-07-14 15:34:45","Model":"text/plain; charset=utf-8","Count":499774}
[2025-07-17 14:48:13 INFO] analysis...
[2025-07-17 14:48:13 INFO] demo.starload_debu
[2025-07-17 14:48:13 ERROR] Put "http://10.128.252.78:8040/api/demo/starload_debu/_stream_load": readfrom tcp 10.14.5.198:56735->10.128.252.78:8040: write tcp 10.14.5.198:56735->10.128.252.78:8040: wsasend: An existing connection was forcibly closed by the remote host.
[2025-07-17 14:48:13 INFO] Total Time:117.0927ms
[2025-07-17 14:48:14 INFO] {"StatusCode":0,"StatusMessage":"success","code":0,"data":{},"msg":"success"}
[2025-07-17 14:48:14 INFO] finished.
[2025-07-17 14:48:14 ERROR] Put "http://10.128.252.78:8040/api/demo/starload_debu/_stream_load": readfrom tcp 10.14.5.198:56735->10.128.252.78:8040: write tcp 10.14.5.198:56735->10.128.252.78:8040: wsasend: An existing connection was forcibly closed by the remote host.
[2025-07-17 14:48:24 INFO] load environment:[StarRocks(Tencent Cloud) SR-ADHOC]
[2025-07-17 14:48:26 INFO] spacers: ,
[2025-07-17 14:48:26 INFO] demo.starload_debu
[2025-07-17 14:48:26 INFO] the account password is loaded from the cache
[2025-07-17 14:48:26 INFO] C:/Users/c0l0f9l/Music/data.csv
[2025-07-17 14:48:26 INFO] {"Name":"data.csv","Size":61771736,"ModTime":"2025-07-14 15:34:45","Model":"text/plain; charset=utf-8","Count":499774}
[2025-07-17 14:48:26 INFO] textfile.
[2025-07-17 14:48:26 INFO] txt
[2025-07-17 14:48:26 INFO] 38.4276ms
[2025-07-17 14:48:26 INFO] C:/Users/c0l0f9l/Music/data.csv
[2025-07-17 14:48:26 INFO] max filter ratio: 0
[2025-07-17 14:48:26 INFO] loading...
[2025-07-17 14:48:26 INFO] analysis...
[2025-07-17 14:48:26 ERROR] http://sr-adhoc.cn.wal-mart.com:8030/api/demo/starload_debu/_stream_load
[2025-07-17 14:48:26 ERROR] {
    "TxnId": -1,
    "Label": "starload-62f9b1dc-f4e1-454d-82ca-9b2d74dafb4c",
    "Status": "Fail",
    "Message": "unknown table \"demo.starload_debu\"",
    "NumberTotalRows": 0,
    "NumberLoadedRows": 0,
    "NumberFilteredRows": 0,
    "NumberUnselectedRows": 0,
    "LoadBytes": 0,
    "LoadTimeMs": 0,
    "BeginTxnTimeMs": 0,
    "StreamLoadPlanTimeMs": 0,
    "ReadDataTimeMs": 0,
    "WriteDataTimeMs": 0,
    "CommitAndPublishTimeMs": 0
}
[2025-07-17 14:48:26 INFO] Total Time:131.6095ms
[2025-07-17 14:48:26 ERROR] 导入失败.
[2025-07-17 14:48:26 INFO] {"StatusCode":0,"StatusMessage":"success","code":0,"data":{},"msg":"success"}
[2025-07-17 14:48:27 ERROR] load failed starload-62f9b1dc-f4e1-454d-82ca-9b2d74dafb4c unknown table "demo.starload_debu"
[2025-07-17 14:48:27 INFO] finished.
[2025-07-17 14:59:54 INFO] ready.
[2025-07-17 14:59:54 INFO] load environment:[StarRocks(Tencent Cloud) SR-ADHOC]
[2025-07-17 15:00:12 INFO] load datafile:[C:/Users/c0l0f9l/Music/data.csv]
[2025-07-17 15:00:15 INFO] txt
[2025-07-17 15:00:15 INFO] max filter ratio: 0
[2025-07-17 15:00:15 INFO] spacers: ,
[2025-07-17 15:00:25 INFO] on going...
[2025-07-17 15:00:25 INFO] login...
[2025-07-17 15:00:25 INFO] analysis...
[2025-07-17 15:00:25 INFO] C:/Users/c0l0f9l/Music/data.csv
[2025-07-17 15:00:25 INFO] {"Name":"data.csv","Size":61771736,"ModTime":"2025-07-14 15:34:45","Model":"text/plain; charset=utf-8","Count":499774}
[2025-07-17 15:00:25 INFO] textfile.
[2025-07-17 15:00:25 INFO] loading...
[2025-07-17 15:00:25 INFO] C:/Users/c0l0f9l/Music/data.csv
[2025-07-17 15:00:25 INFO] demo.starload_debug
[2025-07-17 15:00:25 INFO] demo.starload_debug
[2025-07-17 15:00:25 INFO] 41.3932ms
[2025-07-17 15:00:26 INFO] loading...
[2025-07-17 15:00:27 INFO] loading...
[2025-07-17 15:00:28 INFO] loading...
[2025-07-17 15:00:29 INFO] loading...
[2025-07-17 15:00:30 INFO] loading...
[2025-07-17 15:00:31 INFO] loading...
[2025-07-17 15:00:32 INFO] loading...
[2025-07-17 15:00:32 INFO] http://sr-adhoc.cn.wal-mart.com:8030/api/demo/starload_debug/_stream_load
[2025-07-17 15:00:32 INFO] Total Time:7.1980081s
[2025-07-17 15:00:32 INFO] 导入成功.
[2025-07-17 15:00:32 INFO] {
    "TxnId": 412187576,
    "Label": "starload-0ab3df4e-49d1-455f-9714-3c21ab569a7f",
    "Status": "Success",
    "Message": "OK",
    "NumberTotalRows": 499778,
    "NumberLoadedRows": 499778,
    "NumberFilteredRows": 0,
    "NumberUnselectedRows": 0,
    "LoadBytes": 61771736,
    "LoadTimeMs": 7080,
    "BeginTxnTimeMs": 2,
    "StreamLoadPlanTimeMs": 1,
    "ReadDataTimeMs": 462,
    "WriteDataTimeMs": 6963,
    "CommitAndPublishTimeMs": 113
}
[2025-07-17 15:00:33 INFO] {"StatusCode":0,"StatusMessage":"success","code":0,"data":{},"msg":"success"}
[2025-07-17 15:00:33 INFO] finished.
[2025-07-17 15:00:39 INFO] load environment:[StarRocks(Tencent Cloud) SR-ADHOC]
[2025-07-17 15:00:39 INFO] ready.
[2025-07-17 15:00:43 INFO] load datafile:[C:/Users/c0l0f9l/Music/data.csv]
[2025-07-17 15:00:44 INFO] txt
[2025-07-17 15:00:44 INFO] spacers: ,
[2025-07-17 15:00:44 INFO] max filter ratio: 0
[2025-07-17 15:00:52 INFO] demo.starload_debug
[2025-07-17 15:00:52 INFO] demo.starload_debug
[2025-07-17 15:00:52 INFO] C:/Users/c0l0f9l/Music/data.csv
[2025-07-17 15:00:52 INFO] analysis...
[2025-07-17 15:00:52 INFO] on going...
[2025-07-17 15:00:52 INFO] loading...
[2025-07-17 15:00:52 INFO] login...
[2025-07-17 15:00:52 INFO] textfile.
[2025-07-17 15:00:52 INFO] {"Name":"data.csv","Size":61771736,"ModTime":"2025-07-14 15:34:45","Model":"text/plain; charset=utf-8","Count":499774}
[2025-07-17 15:00:52 INFO] 41.4242ms
[2025-07-17 15:00:52 INFO] C:/Users/c0l0f9l/Music/data.csv
[2025-07-17 15:00:53 INFO] loading...
[2025-07-17 15:00:54 INFO] loading...
[2025-07-17 15:00:55 INFO] loading...
[2025-07-17 15:00:56 INFO] loading...
[2025-07-17 15:00:57 INFO] loading...
[2025-07-17 15:00:58 INFO] loading...
[2025-07-17 15:00:59 INFO] loading...
[2025-07-17 15:01:00 INFO] loading...
[2025-07-17 15:01:01 INFO] loading...
[2025-07-17 15:01:02 INFO] loading...
[2025-07-17 15:01:03 INFO] loading...
[2025-07-17 15:01:04 INFO] loading...
[2025-07-17 15:01:05 INFO] loading...
[2025-07-17 15:01:06 INFO] loading...
[2025-07-17 15:01:07 INFO] loading...
[2025-07-17 15:01:08 INFO] loading...
[2025-07-17 15:01:09 INFO] loading...
[2025-07-17 15:01:10 INFO] loading...
[2025-07-17 15:01:11 INFO] loading...
[2025-07-17 15:01:12 INFO] loading...
[2025-07-17 15:01:13 INFO] loading...
[2025-07-17 15:01:14 INFO] loading...
[2025-07-17 15:01:15 INFO] loading...
[2025-07-17 15:01:16 INFO] loading...
[2025-07-17 15:01:17 INFO] loading...
[2025-07-17 15:01:18 INFO] loading...
[2025-07-17 15:01:19 INFO] loading...
[2025-07-17 15:01:20 INFO] loading...
[2025-07-17 15:01:21 INFO] loading...
[2025-07-17 15:01:22 INFO] loading...
[2025-07-17 15:01:23 INFO] loading...
[2025-07-17 15:01:24 INFO] loading...
[2025-07-17 15:01:25 INFO] loading...
[2025-07-17 15:01:26 INFO] loading...
[2025-07-17 15:01:27 INFO] loading...
[2025-07-17 15:01:28 INFO] loading...
[2025-07-17 15:01:29 INFO] loading...
[2025-07-17 15:01:30 INFO] loading...
[2025-07-17 15:01:31 INFO] loading...
[2025-07-17 15:01:32 INFO] loading...
[2025-07-17 15:01:33 INFO] loading...
[2025-07-17 15:01:34 INFO] loading...
[2025-07-17 15:01:35 INFO] loading...
[2025-07-17 15:01:36 INFO] loading...
[2025-07-17 15:01:37 INFO] loading...
[2025-07-17 15:01:38 INFO] loading...
[2025-07-17 15:01:39 INFO] loading...
[2025-07-17 15:01:40 INFO] loading...
[2025-07-17 15:01:41 INFO] loading...
[2025-07-17 15:01:42 INFO] loading...
[2025-07-17 15:01:43 INFO] loading...
[2025-07-17 15:01:44 INFO] loading...
[2025-07-17 15:01:45 INFO] loading...
[2025-07-17 15:01:46 INFO] loading...
[2025-07-17 15:01:47 INFO] loading...
[2025-07-17 15:01:48 INFO] loading...
[2025-07-17 15:01:49 INFO] loading...
[2025-07-17 15:01:50 INFO] loading...
[2025-07-17 15:01:51 INFO] loading...
[2025-07-17 15:01:52 INFO] loading...
[2025-07-17 15:01:53 INFO] loading...
[2025-07-17 15:01:54 INFO] loading...
[2025-07-17 15:01:55 INFO] loading...
[2025-07-17 15:01:56 INFO] loading...
[2025-07-17 15:01:57 INFO] loading...
[2025-07-17 15:01:58 INFO] loading...
[2025-07-17 15:01:59 INFO] loading...
[2025-07-17 15:02:00 INFO] loading...
[2025-07-17 15:02:01 INFO] loading...
[2025-07-17 15:02:02 INFO] loading...
[2025-07-17 15:02:03 INFO] loading...
[2025-07-17 15:02:04 INFO] loading...
[2025-07-17 15:02:05 INFO] loading...
[2025-07-17 15:02:06 INFO] cancel...
[2025-07-17 15:02:06 INFO] loading...
[2025-07-17 15:02:07 INFO] loading...
[2025-07-17 15:02:08 INFO] loading...
[2025-07-17 15:02:09 INFO] loading...
[2025-07-17 15:02:10 INFO] loading...
[2025-07-17 15:02:11 INFO] loading...
[2025-07-17 15:02:12 INFO] loading...
[2025-07-17 15:02:13 INFO] loading...
[2025-07-17 15:02:14 INFO] loading...
[2025-07-17 15:02:15 INFO] loading...
[2025-07-17 15:02:16 INFO] loading...
[2025-07-17 15:02:17 INFO] loading...
[2025-07-17 15:02:18 INFO] loading...
[2025-07-17 15:02:19 INFO] loading...
[2025-07-17 15:02:20 INFO] loading...
[2025-07-17 15:02:21 INFO] loading...
[2025-07-17 15:02:22 INFO] loading...
[2025-07-17 15:02:23 INFO] loading...
[2025-07-17 15:02:24 INFO] loading...
[2025-07-17 15:07:42 INFO] load environment:[StarRocks(Tencent Cloud) SR-ADHOC]
[2025-07-17 15:07:42 INFO] ready.
[2025-07-17 15:13:43 INFO] load environment:[StarRocks(Tencent Cloud) SR-ADHOC]
[2025-07-17 15:13:43 INFO] ready.
[2025-07-17 15:13:53 INFO] load datafile:[C:/Users/c0l0f9l/Music/data.csv]
[2025-07-17 15:13:54 INFO] txt
[2025-07-17 15:13:54 INFO] preview top 10
[2025-07-17 15:13:54 INFO] 
98143234,980081759,5,14,86"LG4K电视D.       ,86UP8100PCB         ,1X1   ,1     ,A,20,0514,0289800817590,LG电视      
98143234,980081759,5,14,86"LG4K电视D.       ,86UP8100PCB         ,1X1   ,1     ,A,20,0514,0289800817590,LG电视      
98143234,980081759,5,14,86"LG4K电视D.       ,86UP8100PCB         ,1X1   ,1     ,A,20,0514,0289800817590,LG电视      
98143234,980081759,5,14,86"LG4K电视D.       ,86UP8100PCB         ,1X1   ,1     ,A,20,0514,0289800817590,LG电视      
98149676,980081780,23,22,TNF印花短袖1X       ,白L                 ,      ,      ,I,22,2322,0019490148583,短袖T恤     
98149676,980081780,23,22,TNF印花短袖1X       ,白L                 ,      ,      ,I,22,2322,0019490148583,短袖T恤     
98149676,980081780,23,22,TNF印花短袖1X       ,白L                 ,      ,      ,I,22,2322,0019490148583,短袖T恤     
98149676,980081780,23,22,TNF印花短袖1X       ,白L                 ,      ,      ,I,22,2322,0019490148583,短袖T恤     
98378785,980081887,22,24,RL儿童T恤1X         ,绿L                 ,4X7   ,28    ,D,22,2224,0088585493121,RL短袖      
98378785,980081887,22,24,RL儿童T恤1X         ,绿L                 ,4X7   ,28    ,D,22,2224,0088585493121,RL短袖      
[2025-07-17 15:13:55 INFO] txt
[2025-07-17 15:13:55 INFO] spacers: ,
[2025-07-17 15:13:55 INFO] max filter ratio: 0
[2025-07-17 15:14:04 INFO] login...
[2025-07-17 15:14:04 INFO] demo.starload_debug
[2025-07-17 15:14:04 INFO] C:/Users/c0l0f9l/Music/data.csv
[2025-07-17 15:14:04 INFO] C:/Users/c0l0f9l/Music/data.csv
[2025-07-17 15:14:04 INFO] {"Name":"data.csv","Size":61771736,"ModTime":"2025-07-14 15:34:45","Model":"text/plain; charset=utf-8","Count":499774}
[2025-07-17 15:14:04 INFO] analysis...
[2025-07-17 15:14:04 INFO] textfile.
[2025-07-17 15:14:04 INFO] 41.505ms
[2025-07-17 15:14:04 INFO] loading...
[2025-07-17 15:14:04 INFO] on going...
[2025-07-17 15:14:04 INFO] demo.starload_debug
[2025-07-17 15:14:05 INFO] loading...
[2025-07-17 15:14:06 INFO] loading...
[2025-07-17 15:14:07 INFO] loading...
[2025-07-17 15:14:08 INFO] loading...
[2025-07-17 15:14:09 INFO] loading...
[2025-07-17 15:14:10 INFO] loading...
[2025-07-17 15:14:11 INFO] loading...
[2025-07-17 15:14:12 INFO] loading...
[2025-07-17 15:14:13 INFO] loading...
[2025-07-17 15:14:13 INFO] Total Time:8.9865698s
[2025-07-17 15:14:13 INFO] 导入成功.
[2025-07-17 15:14:13 INFO] {
    "TxnId": 412190976,
    "Label": "starload-efa7b822-1e4c-436d-87e2-a5717c0cf1c1",
    "Status": "Success",
    "Message": "OK",
    "NumberTotalRows": 499778,
    "NumberLoadedRows": 499778,
    "NumberFilteredRows": 0,
    "NumberUnselectedRows": 0,
    "LoadBytes": 61771736,
    "LoadTimeMs": 7862,
    "BeginTxnTimeMs": 1070,
    "StreamLoadPlanTimeMs": 1,
    "ReadDataTimeMs": 379,
    "WriteDataTimeMs": 5527,
    "CommitAndPublishTimeMs": 1262
}
[2025-07-17 15:14:13 INFO] http://sr-adhoc.cn.wal-mart.com:8030/api/demo/starload_debug/_stream_load
[2025-07-17 15:14:13 INFO] {"StatusCode":0,"StatusMessage":"success","code":0,"data":{},"msg":"success"}
[2025-07-17 15:14:14 INFO] finished.
[2025-07-17 15:20:16 INFO] ready.
[2025-07-17 15:20:16 INFO] load environment:[StarRocks(Tencent Cloud) SR-ADHOC]
[2025-07-17 15:20:26 WARN] please select a datafile
[2025-07-17 15:20:29 WARN] please select a datafile
[2025-07-17 15:20:29 WARN] please select a datafile
[2025-07-17 15:20:30 WARN] please select a datafile
[2025-07-17 15:20:30 WARN] please select a datafile
[2025-07-17 15:23:47 INFO] load environment:[StarRocks(Tencent Cloud) SR-ADHOC]
[2025-07-17 15:23:47 INFO] ready.
[2025-07-17 15:35:48 INFO] ready.
[2025-07-17 15:35:48 INFO] load environment:[StarRocks(Tencent Cloud) SR-ADHOC]
[2025-07-17 15:36:00 INFO] load datafile:[C:/Users/c0l0f9l/Music/data.csv]
[2025-07-17 15:36:01 INFO] txt
[2025-07-17 15:36:01 INFO] 
98143234,980081759,5,14,86"LG4K电视D.       ,86UP8100PCB         ,1X1   ,1     ,A,20,0514,0289800817590,LG电视      
98143234,980081759,5,14,86"LG4K电视D.       ,86UP8100PCB         ,1X1   ,1     ,A,20,0514,0289800817590,LG电视      
98143234,980081759,5,14,86"LG4K电视D.       ,86UP8100PCB         ,1X1   ,1     ,A,20,0514,0289800817590,LG电视      
98143234,980081759,5,14,86"LG4K电视D.       ,86UP8100PCB         ,1X1   ,1     ,A,20,0514,0289800817590,LG电视      
98149676,980081780,23,22,TNF印花短袖1X       ,白L                 ,      ,      ,I,22,2322,0019490148583,短袖T恤     
98149676,980081780,23,22,TNF印花短袖1X       ,白L                 ,      ,      ,I,22,2322,0019490148583,短袖T恤     
98149676,980081780,23,22,TNF印花短袖1X       ,白L                 ,      ,      ,I,22,2322,0019490148583,短袖T恤     
98149676,980081780,23,22,TNF印花短袖1X       ,白L                 ,      ,      ,I,22,2322,0019490148583,短袖T恤     
98378785,980081887,22,24,RL儿童T恤1X         ,绿L                 ,4X7   ,28    ,D,22,2224,0088585493121,RL短袖      
98378785,980081887,22,24,RL儿童T恤1X         ,绿L                 ,4X7   ,28    ,D,22,2224,0088585493121,RL短袖      
[2025-07-17 15:36:01 INFO] preview top 10
[2025-07-17 15:36:02 INFO] txt
[2025-07-17 15:36:02 INFO] spacers: ,
[2025-07-17 15:36:02 INFO] max filter ratio: 0
[2025-07-17 15:36:11 INFO] login...
[2025-07-17 15:36:11 INFO] demo.starload_debug
[2025-07-17 15:36:11 INFO] loading...
[2025-07-17 15:36:11 INFO] analysis...
[2025-07-17 15:36:11 INFO] demo.starload_debug
[2025-07-17 15:36:11 INFO] C:/Users/c0l0f9l/Music/data.csv
[2025-07-17 15:36:11 INFO] on going...
[2025-07-17 15:36:11 INFO] C:/Users/c0l0f9l/Music/data.csv
[2025-07-17 15:36:11 INFO] {"Name":"data.csv","Size":61771736,"ModTime":"2025-07-14 15:34:45","Model":"text/plain; charset=utf-8","Count":499774}
[2025-07-17 15:36:11 INFO] textfile.
[2025-07-17 15:36:11 INFO] 37.1803ms
[2025-07-17 15:36:12 INFO] loading...
[2025-07-17 15:36:13 INFO] loading...
[2025-07-17 15:36:14 INFO] loading...
[2025-07-17 15:36:15 INFO] cancel...
[2025-07-17 15:36:15 INFO] loading...
[2025-07-17 15:36:16 INFO] loading...
[2025-07-17 15:36:17 INFO] loading...
[2025-07-17 15:36:18 INFO] loading...
[2025-07-17 15:36:19 INFO] loading...
[2025-07-17 15:36:20 INFO] loading...
[2025-07-17 15:36:21 INFO] loading...
[2025-07-17 15:36:22 INFO] loading...
[2025-07-17 15:36:23 INFO] loading...
[2025-07-17 15:36:23 INFO] Total Time:12.4912666s
[2025-07-17 15:36:23 INFO] 导入成功.
[2025-07-17 15:36:23 INFO] http://sr-adhoc.cn.wal-mart.com:8030/api/demo/starload_debug/_stream_load
[2025-07-17 15:36:23 INFO] {
    "TxnId": 412196458,
    "Label": "starload-f21b852e-08e8-4b60-b34d-09c7851ceab2",
    "Status": "Success",
    "Message": "OK",
    "NumberTotalRows": 499778,
    "NumberLoadedRows": 499778,
    "NumberFilteredRows": 0,
    "NumberUnselectedRows": 0,
    "LoadBytes": 61771736,
    "LoadTimeMs": 11371,
    "BeginTxnTimeMs": 985,
    "StreamLoadPlanTimeMs": 1,
    "ReadDataTimeMs": 77,
    "WriteDataTimeMs": 9371,
    "CommitAndPublishTimeMs": 1013
}
[2025-07-17 15:36:24 INFO] finished.
[2025-07-17 15:36:24 INFO] {"StatusCode":0,"StatusMessage":"success","code":0,"data":{},"msg":"success"}
[2025-07-17 16:17:41 INFO] load environment:[StarRocks(Tencent Cloud) SR-ADHOC]
[2025-07-17 16:17:41 INFO] ready.
[2025-07-17 16:18:45 INFO] load datafile:[C:/Users/c0l0f9l/Music/data.csv]
[2025-07-17 16:19:17 INFO] load environment:[StarRocks(Tencent Cloud) SR-ADHOC]
[2025-07-17 16:19:17 INFO] ready.
[2025-07-17 16:19:23 INFO] load datafile:[C:/Users/c0l0f9l/Music/data.csv]
[2025-07-17 16:19:24 INFO] cancel
[2025-07-17 16:19:30 INFO] load datafile:[C:/Users/c0l0f9l/Music/data.csv]
[2025-07-17 16:19:58 INFO] txt
[2025-07-17 16:19:58 INFO] preview top 10
[2025-07-17 16:19:58 INFO] 
98143234,980081759,5,14,86"LG4K电视D.       ,86UP8100PCB         ,1X1   ,1     ,A,20,0514,0289800817590,LG电视      
98143234,980081759,5,14,86"LG4K电视D.       ,86UP8100PCB         ,1X1   ,1     ,A,20,0514,0289800817590,LG电视      
98143234,980081759,5,14,86"LG4K电视D.       ,86UP8100PCB         ,1X1   ,1     ,A,20,0514,0289800817590,LG电视      
98143234,980081759,5,14,86"LG4K电视D.       ,86UP8100PCB         ,1X1   ,1     ,A,20,0514,0289800817590,LG电视      
98149676,980081780,23,22,TNF印花短袖1X       ,白L                 ,      ,      ,I,22,2322,0019490148583,短袖T恤     
98149676,980081780,23,22,TNF印花短袖1X       ,白L                 ,      ,      ,I,22,2322,0019490148583,短袖T恤     
98149676,980081780,23,22,TNF印花短袖1X       ,白L                 ,      ,      ,I,22,2322,0019490148583,短袖T恤     
98149676,980081780,23,22,TNF印花短袖1X       ,白L                 ,      ,      ,I,22,2322,0019490148583,短袖T恤     
98378785,980081887,22,24,RL儿童T恤1X         ,绿L                 ,4X7   ,28    ,D,22,2224,0088585493121,RL短袖      
98378785,980081887,22,24,RL儿童T恤1X         ,绿L                 ,4X7   ,28    ,D,22,2224,0088585493121,RL短袖      
[2025-07-17 16:19:59 INFO] txt
[2025-07-17 16:19:59 INFO] max filter ratio: 0
[2025-07-17 16:19:59 INFO] spacers: ,
[2025-07-17 16:20:15 INFO] login...
[2025-07-17 16:20:15 INFO] analysis...
[2025-07-17 16:20:15 INFO] demo.starload_debug
[2025-07-17 16:20:15 INFO] C:/Users/c0l0f9l/Music/data.csv
[2025-07-17 16:20:15 INFO] loading...
[2025-07-17 16:20:15 INFO] {"Name":"data.csv","Size":61771736,"ModTime":"2025-07-14 15:34:45","Model":"text/plain; charset=utf-8","Count":499774}
[2025-07-17 16:20:15 INFO] textfile.
[2025-07-17 16:20:15 INFO] on going...
[2025-07-17 16:20:15 INFO] 45.377ms
[2025-07-17 16:20:15 INFO] C:/Users/c0l0f9l/Music/data.csv
[2025-07-17 16:20:15 INFO] demo.starload_debug
[2025-07-17 16:20:16 INFO] loading...
[2025-07-17 16:20:17 INFO] loading...
[2025-07-17 16:20:18 INFO] cancel
[2025-07-17 16:20:18 INFO] loading...
[2025-07-17 16:20:19 INFO] loading...
[2025-07-17 16:20:20 INFO] loading...
[2025-07-17 16:20:21 INFO] loading...
[2025-07-17 16:20:22 INFO] loading...
[2025-07-17 16:20:23 INFO] loading...
[2025-07-17 16:20:24 INFO] http://sr-adhoc.cn.wal-mart.com:8030/api/demo/starload_debug/_stream_load
[2025-07-17 16:20:24 INFO] Total Time:8.6441355s
[2025-07-17 16:20:24 INFO] {
    "TxnId": 412209922,
    "Label": "starload-5fe6cf89-e467-49f8-ae94-3117f720978f",
    "Status": "Success",
    "Message": "OK",
    "NumberTotalRows": 499778,
    "NumberLoadedRows": 499778,
    "NumberFilteredRows": 0,
    "NumberUnselectedRows": 0,
    "LoadBytes": 61771736,
    "LoadTimeMs": 7508,
    "BeginTxnTimeMs": 985,
    "StreamLoadPlanTimeMs": 1,
    "ReadDataTimeMs": 661,
    "WriteDataTimeMs": 5457,
    "CommitAndPublishTimeMs": 1064
}
[2025-07-17 16:20:24 INFO] 导入成功.
[2025-07-17 16:22:32 INFO] load environment:[StarRocks(Tencent Cloud) SR-ADHOC]
[2025-07-17 16:22:32 INFO] ready.
[2025-07-17 16:22:51 INFO] load datafile:[C:/Users/c0l0f9l/Music/data.csv]
[2025-07-17 16:22:53 INFO] txt
[2025-07-17 16:22:53 INFO] preview top 10
[2025-07-17 16:22:53 INFO] 
98143234,980081759,5,14,86"LG4K电视D.       ,86UP8100PCB         ,1X1   ,1     ,A,20,0514,0289800817590,LG电视      
98143234,980081759,5,14,86"LG4K电视D.       ,86UP8100PCB         ,1X1   ,1     ,A,20,0514,0289800817590,LG电视      
98143234,980081759,5,14,86"LG4K电视D.       ,86UP8100PCB         ,1X1   ,1     ,A,20,0514,0289800817590,LG电视      
98143234,980081759,5,14,86"LG4K电视D.       ,86UP8100PCB         ,1X1   ,1     ,A,20,0514,0289800817590,LG电视      
98149676,980081780,23,22,TNF印花短袖1X       ,白L                 ,      ,      ,I,22,2322,0019490148583,短袖T恤     
98149676,980081780,23,22,TNF印花短袖1X       ,白L                 ,      ,      ,I,22,2322,0019490148583,短袖T恤     
98149676,980081780,23,22,TNF印花短袖1X       ,白L                 ,      ,      ,I,22,2322,0019490148583,短袖T恤     
98149676,980081780,23,22,TNF印花短袖1X       ,白L                 ,      ,      ,I,22,2322,0019490148583,短袖T恤     
98378785,980081887,22,24,RL儿童T恤1X         ,绿L                 ,4X7   ,28    ,D,22,2224,0088585493121,RL短袖      
98378785,980081887,22,24,RL儿童T恤1X         ,绿L                 ,4X7   ,28    ,D,22,2224,0088585493121,RL短袖      
[2025-07-17 16:22:54 INFO] cancel
[2025-07-17 16:23:02 INFO] load datafile:[C:/Users/c0l0f9l/Music/data.csv]
[2025-07-17 16:23:07 INFO] max filter ratio: 0
[2025-07-17 16:23:07 INFO] txt
[2025-07-17 16:23:07 INFO] spacers: ,
[2025-07-17 16:23:16 INFO] on going...
[2025-07-17 16:23:16 INFO] login...
[2025-07-17 16:23:16 INFO] C:/Users/c0l0f9l/Music/data.csv
[2025-07-17 16:23:16 INFO] loading...
[2025-07-17 16:23:16 INFO] {"Name":"data.csv","Size":61771736,"ModTime":"2025-07-14 15:34:45","Model":"text/plain; charset=utf-8","Count":499774}
[2025-07-17 16:23:16 INFO] C:/Users/c0l0f9l/Music/data.csv
[2025-07-17 16:23:16 INFO] demo.starload_debug
[2025-07-17 16:23:16 INFO] 50.3047ms
[2025-07-17 16:23:16 INFO] demo.starload_debug
[2025-07-17 16:23:16 INFO] analysis...
[2025-07-17 16:23:16 INFO] textfile.
[2025-07-17 16:23:17 INFO] loading...
[2025-07-17 16:23:18 INFO] loading...
[2025-07-17 16:23:18 INFO] cancel
[2025-07-17 16:23:19 INFO] loading...
[2025-07-17 16:23:20 INFO] loading...
[2025-07-17 16:23:21 INFO] loading...
[2025-07-17 16:23:22 INFO] loading...
[2025-07-17 16:23:23 INFO] loading...
[2025-07-17 16:23:24 INFO] loading...
[2025-07-17 16:23:25 INFO] loading...
[2025-07-17 16:23:26 INFO] loading...
[2025-07-17 16:23:27 INFO] loading...
[2025-07-17 16:23:28 INFO] loading...
[2025-07-17 16:23:29 INFO] loading...
[2025-07-17 16:23:30 INFO] loading...
[2025-07-17 16:23:31 INFO] loading...
[2025-07-17 16:23:32 INFO] loading...
[2025-07-17 16:23:33 INFO] loading...
[2025-07-17 16:23:34 INFO] loading...
[2025-07-17 16:23:35 INFO] loading...
[2025-07-17 16:23:36 INFO] loading...
[2025-07-17 16:23:37 INFO] loading...
[2025-07-17 16:23:38 INFO] loading...
[2025-07-17 16:23:39 INFO] loading...
[2025-07-17 16:23:40 INFO] loading...
[2025-07-17 16:23:41 INFO] loading...
[2025-07-17 16:23:42 INFO] loading...
[2025-07-17 16:23:43 INFO] loading...
[2025-07-17 16:23:44 INFO] loading...
[2025-07-17 16:23:45 INFO] loading...
[2025-07-17 16:23:46 INFO] loading...
[2025-07-17 16:23:47 INFO] loading...
[2025-07-17 16:23:48 INFO] loading...
[2025-07-17 16:23:48 INFO] 导入成功.
[2025-07-17 16:23:48 INFO] http://sr-adhoc.cn.wal-mart.com:8030/api/demo/starload_debug/_stream_load
[2025-07-17 16:23:48 INFO] {
    "TxnId": 412210764,
    "Label": "starload-c9525e12-dabf-4189-9367-ff80fe52daa2",
    "Status": "Success",
    "Message": "OK",
    "NumberTotalRows": 499778,
    "NumberLoadedRows": 499778,
    "NumberFilteredRows": 0,
    "NumberUnselectedRows": 0,
    "LoadBytes": 61771736,
    "LoadTimeMs": 31230,
    "BeginTxnTimeMs": 981,
    "StreamLoadPlanTimeMs": 1,
    "ReadDataTimeMs": 24362,
    "WriteDataTimeMs": 29174,
    "CommitAndPublishTimeMs": 1073
}
[2025-07-17 16:23:48 INFO] Total Time:32.3386683s
[2025-07-17 16:23:49 INFO] {"StatusCode":0,"StatusMessage":"success","code":0,"data":{},"msg":"success"}
[2025-07-17 16:23:49 INFO] ldap user.
[2025-07-17 16:23:49 INFO] finished.
[2025-07-17 16:23:49 ERROR] tls: failed to verify certificate: x509: certificate is valid for starrocks.cn.wal-mart.com, not sr-adhoc.cn.wal-mart.com
[2025-07-17 16:29:42 INFO] load environment:[StarRocks(Tencent Cloud) SR-ADHOC]
[2025-07-17 16:29:42 INFO] ready.
[2025-07-17 16:33:08 INFO] load environment:[StarRocks(Tencent Cloud) SR-ADHOC]
[2025-07-17 16:33:08 INFO] ready.
[2025-07-17 16:33:25 INFO] load datafile:[C:/Users/c0l0f9l/Music/data.csv]
[2025-07-17 16:33:26 INFO] cancel
[2025-07-17 16:35:56 INFO] starload-1821168e-5beb-42a8-b324-2beadbcd7d14 load environment:[StarRocks(Tencent Cloud) SR-ADHOC]
[2025-07-17 16:35:56 INFO] starload-1821168e-5beb-42a8-b324-2beadbcd7d14 ready.
[2025-07-17 16:36:47 INFO] starload-1821168e-5beb-42a8-b324-2beadbcd7d14 load format:[textfile]
[2025-07-17 16:36:52 INFO] starload-1821168e-5beb-42a8-b324-2beadbcd7d14 load strip_outer_array:[false]
[2025-07-17 16:36:55 INFO] starload-1821168e-5beb-42a8-b324-2beadbcd7d14 load spacers:[,]
[2025-07-17 16:37:01 INFO] starload-1821168e-5beb-42a8-b324-2beadbcd7d14 load datafile:[C:/Users/c0l0f9l/Music/data.csv]
[2025-07-17 16:37:05 INFO] starload-1821168e-5beb-42a8-b324-2beadbcd7d14 
98143234,980081759,5,14,86"LG4K电视D.       ,86UP8100PCB         ,1X1   ,1     ,A,20,0514,0289800817590,LG电视      
98143234,980081759,5,14,86"LG4K电视D.       ,86UP8100PCB         ,1X1   ,1     ,A,20,0514,0289800817590,LG电视      
98143234,980081759,5,14,86"LG4K电视D.       ,86UP8100PCB         ,1X1   ,1     ,A,20,0514,0289800817590,LG电视      
98143234,980081759,5,14,86"LG4K电视D.       ,86UP8100PCB         ,1X1   ,1     ,A,20,0514,0289800817590,LG电视      
98149676,980081780,23,22,TNF印花短袖1X       ,白L                 ,      ,      ,I,22,2322,0019490148583,短袖T恤     
98149676,980081780,23,22,TNF印花短袖1X       ,白L                 ,      ,      ,I,22,2322,0019490148583,短袖T恤     
98149676,980081780,23,22,TNF印花短袖1X       ,白L                 ,      ,      ,I,22,2322,0019490148583,短袖T恤     
98149676,980081780,23,22,TNF印花短袖1X       ,白L                 ,      ,      ,I,22,2322,0019490148583,短袖T恤     
98378785,980081887,22,24,RL儿童T恤1X         ,绿L                 ,4X7   ,28    ,D,22,2224,0088585493121,RL短袖      
98378785,980081887,22,24,RL儿童T恤1X         ,绿L                 ,4X7   ,28    ,D,22,2224,0088585493121,RL短袖      
[2025-07-17 16:37:05 INFO] starload-1821168e-5beb-42a8-b324-2beadbcd7d14 txt
[2025-07-17 16:37:05 INFO] starload-1821168e-5beb-42a8-b324-2beadbcd7d14 preview top 10
[2025-07-17 16:37:09 INFO] starload-1821168e-5beb-42a8-b324-2beadbcd7d14 txt
[2025-07-17 16:37:09 INFO] starload-1821168e-5beb-42a8-b324-2beadbcd7d14 max filter ratio: 0
[2025-07-17 16:37:09 INFO] starload-1821168e-5beb-42a8-b324-2beadbcd7d14 spacers: ,
[2025-07-17 16:37:16 INFO] starload-1821168e-5beb-42a8-b324-2beadbcd7d14 on going...
[2025-07-17 16:37:16 INFO] analysis...
[2025-07-17 16:37:16 INFO] starload-1821168e-5beb-42a8-b324-2beadbcd7d14 demo.starload_debug
[2025-07-17 16:37:16 INFO] demo.starload_debug
[2025-07-17 16:37:16 INFO] C:/Users/c0l0f9l/Music/data.csv
[2025-07-17 16:37:16 INFO] loading...
[2025-07-17 16:37:16 INFO] starload-1821168e-5beb-42a8-b324-2beadbcd7d14 login...
[2025-07-17 16:37:16 INFO] C:/Users/c0l0f9l/Music/data.csv
[2025-07-17 16:37:16 INFO] textfile.
[2025-07-17 16:37:16 INFO] 89.9627ms
[2025-07-17 16:37:16 INFO] {"Name":"data.csv","Size":61771736,"ModTime":"2025-07-14 15:34:45","Model":"text/plain; charset=utf-8","Count":499774}
[2025-07-17 16:37:17 INFO] loading...
[2025-07-17 16:37:18 INFO] loading...
[2025-07-17 16:37:19 INFO] loading...
[2025-07-17 16:37:20 INFO] loading...
[2025-07-17 16:37:21 INFO] loading...
[2025-07-17 16:37:22 INFO] loading...
[2025-07-17 16:37:23 INFO] loading...
[2025-07-17 16:37:24 INFO] loading...
[2025-07-17 16:37:24 INFO] http://sr-adhoc.cn.wal-mart.com:8030/api/demo/starload_debug/_stream_load
[2025-07-17 16:37:24 INFO] Total Time:8.4175866s
[2025-07-17 16:37:24 INFO] 导入成功.
[2025-07-17 16:37:24 INFO] {
    "TxnId": 412214162,
    "Label": "starload-1821168e-5beb-42a8-b324-2beadbcd7d14",
    "Status": "Success",
    "Message": "OK",
    "NumberTotalRows": 499778,
    "NumberLoadedRows": 499778,
    "NumberFilteredRows": 0,
    "NumberUnselectedRows": 0,
    "LoadBytes": 61771736,
    "LoadTimeMs": 7844,
    "BeginTxnTimeMs": 101,
    "StreamLoadPlanTimeMs": 101,
    "ReadDataTimeMs": 26,
    "WriteDataTimeMs": 7576,
    "CommitAndPublishTimeMs": 64
}
[2025-07-17 16:37:25 INFO] finished.
[2025-07-17 16:37:25 INFO] {"StatusCode":0,"StatusMessage":"success","code":0,"data":{},"msg":"success"}
[2025-07-17 16:42:13 INFO] starload-31d4d09d-1654-4e6f-8348-d5370264cc4f: load environment:[StarRocks(Tencent Cloud) SR-ADHOC]
[2025-07-17 16:42:13 INFO] starload-31d4d09d-1654-4e6f-8348-d5370264cc4f: ready.
[2025-07-17 16:42:22 INFO] starload-31d4d09d-1654-4e6f-8348-d5370264cc4f: load environment:[StarRocks(Tencent Cloud) SR-QA]
[2025-07-17 16:42:24 INFO] starload-31d4d09d-1654-4e6f-8348-d5370264cc4f: load environment:[StarRocks(Tencent Cloud) SR-ADHOC]
[2025-07-17 16:42:34 INFO] starload-31d4d09d-1654-4e6f-8348-d5370264cc4f: load format:[textfile]
[2025-07-17 16:42:34 INFO] starload-31d4d09d-1654-4e6f-8348-d5370264cc4f: load format:[]
[2025-07-17 16:42:35 INFO] starload-31d4d09d-1654-4e6f-8348-d5370264cc4f: load format:[textfile]
[2025-07-17 16:42:39 INFO] starload-31d4d09d-1654-4e6f-8348-d5370264cc4f: load datafile:[C:/Users/c0l0f9l/Music/data.csv]
[2025-07-17 16:42:41 INFO] starload-31d4d09d-1654-4e6f-8348-d5370264cc4f: txt
[2025-07-17 16:42:41 INFO] starload-31d4d09d-1654-4e6f-8348-d5370264cc4f: preview top 10
[2025-07-17 16:42:41 INFO] starload-31d4d09d-1654-4e6f-8348-d5370264cc4f: 
98143234,980081759,5,14,86"LG4K电视D.       ,86UP8100PCB         ,1X1   ,1     ,A,20,0514,0289800817590,LG电视      
98143234,980081759,5,14,86"LG4K电视D.       ,86UP8100PCB         ,1X1   ,1     ,A,20,0514,0289800817590,LG电视      
98143234,980081759,5,14,86"LG4K电视D.       ,86UP8100PCB         ,1X1   ,1     ,A,20,0514,0289800817590,LG电视      
98143234,980081759,5,14,86"LG4K电视D.       ,86UP8100PCB         ,1X1   ,1     ,A,20,0514,0289800817590,LG电视      
98149676,980081780,23,22,TNF印花短袖1X       ,白L                 ,      ,      ,I,22,2322,0019490148583,短袖T恤     
98149676,980081780,23,22,TNF印花短袖1X       ,白L                 ,      ,      ,I,22,2322,0019490148583,短袖T恤     
98149676,980081780,23,22,TNF印花短袖1X       ,白L                 ,      ,      ,I,22,2322,0019490148583,短袖T恤     
98149676,980081780,23,22,TNF印花短袖1X       ,白L                 ,      ,      ,I,22,2322,0019490148583,短袖T恤     
98378785,980081887,22,24,RL儿童T恤1X         ,绿L                 ,4X7   ,28    ,D,22,2224,0088585493121,RL短袖      
98378785,980081887,22,24,RL儿童T恤1X         ,绿L                 ,4X7   ,28    ,D,22,2224,0088585493121,RL短袖      
[2025-07-17 16:42:44 INFO] starload-31d4d09d-1654-4e6f-8348-d5370264cc4f: txt
[2025-07-17 16:42:44 INFO] starload-31d4d09d-1654-4e6f-8348-d5370264cc4f: spacers: ,
[2025-07-17 16:42:44 INFO] starload-31d4d09d-1654-4e6f-8348-d5370264cc4f: max filter ratio: 0
[2025-07-17 16:42:56 INFO] starload-31d4d09d-1654-4e6f-8348-d5370264cc4f: login...
[2025-07-17 16:42:56 INFO] C:/Users/c0l0f9l/Music/data.csv
[2025-07-17 16:42:56 INFO] starload-31d4d09d-1654-4e6f-8348-d5370264cc4f: demo.starload_debug
[2025-07-17 16:42:56 INFO] starload-31d4d09d-1654-4e6f-8348-d5370264cc4f: demo.starload_debug
[2025-07-17 16:42:56 INFO] starload-31d4d09d-1654-4e6f-8348-d5370264cc4f: loading...
[2025-07-17 16:42:56 INFO] starload-31d4d09d-1654-4e6f-8348-d5370264cc4f: on going...
[2025-07-17 16:42:56 INFO] starload-31d4d09d-1654-4e6f-8348-d5370264cc4f: C:/Users/c0l0f9l/Music/data.csv
[2025-07-17 16:42:56 INFO] starload-31d4d09d-1654-4e6f-8348-d5370264cc4f: 36.8698ms
[2025-07-17 16:42:56 INFO] starload-31d4d09d-1654-4e6f-8348-d5370264cc4f: textfile.
[2025-07-17 16:42:56 INFO] starload-31d4d09d-1654-4e6f-8348-d5370264cc4f: {"Name":"data.csv","Size":61771736,"ModTime":"2025-07-14 15:34:45","Model":"text/plain; charset=utf-8","Count":499774}
[2025-07-17 16:42:56 INFO] starload-31d4d09d-1654-4e6f-8348-d5370264cc4f: analysis...
[2025-07-17 16:42:57 INFO] starload-31d4d09d-1654-4e6f-8348-d5370264cc4f: loading...
[2025-07-17 16:42:58 INFO] starload-31d4d09d-1654-4e6f-8348-d5370264cc4f: loading...
[2025-07-17 16:42:59 INFO] starload-31d4d09d-1654-4e6f-8348-d5370264cc4f: loading...
[2025-07-17 16:43:00 INFO] starload-31d4d09d-1654-4e6f-8348-d5370264cc4f: loading...
[2025-07-17 16:43:01 INFO] starload-31d4d09d-1654-4e6f-8348-d5370264cc4f: loading...
[2025-07-17 16:43:02 INFO] starload-31d4d09d-1654-4e6f-8348-d5370264cc4f: http://sr-adhoc.cn.wal-mart.com:8030/api/demo/starload_debug/_stream_load
[2025-07-17 16:43:02 INFO] starload-31d4d09d-1654-4e6f-8348-d5370264cc4f: Total Time 5.5682546s
[2025-07-17 16:43:02 INFO] starload-31d4d09d-1654-4e6f-8348-d5370264cc4f: 导入成功.
[2025-07-17 16:43:02 INFO] starload-31d4d09d-1654-4e6f-8348-d5370264cc4f: {
    "TxnId": 412215319,
    "Label": "starload-31d4d09d-1654-4e6f-8348-d5370264cc4f",
    "Status": "Success",
    "Message": "OK",
    "NumberTotalRows": 499778,
    "NumberLoadedRows": 499778,
    "NumberFilteredRows": 0,
    "NumberUnselectedRows": 0,
    "LoadBytes": 61771736,
    "LoadTimeMs": 5454,
    "BeginTxnTimeMs": 6,
    "StreamLoadPlanTimeMs": 1,
    "ReadDataTimeMs": 14,
    "WriteDataTimeMs": 5310,
    "CommitAndPublishTimeMs": 136
}
[2025-07-17 16:43:02 INFO] starload-31d4d09d-1654-4e6f-8348-d5370264cc4f: finished.
[2025-07-17 16:43:02 INFO] {"StatusCode":0,"StatusMessage":"success","code":0,"data":{},"msg":"success"}
[2025-07-17 16:43:29 INFO] starload-31d4d09d-1654-4e6f-8348-d5370264cc4f: spacers: ,
[2025-07-17 16:43:29 INFO] starload-31d4d09d-1654-4e6f-8348-d5370264cc4f: loading...
[2025-07-17 16:43:29 INFO] starload-31d4d09d-1654-4e6f-8348-d5370264cc4f: {"Name":"data.csv","Size":61771736,"ModTime":"2025-07-14 15:34:45","Model":"text/plain; charset=utf-8","Count":499774}
[2025-07-17 16:43:29 INFO] starload-31d4d09d-1654-4e6f-8348-d5370264cc4f: textfile.
[2025-07-17 16:43:29 INFO] starload-31d4d09d-1654-4e6f-8348-d5370264cc4f: C:/Users/c0l0f9l/Music/data.csv
[2025-07-17 16:43:29 INFO] C:/Users/c0l0f9l/Music/data.csv
[2025-07-17 16:43:29 INFO] starload-31d4d09d-1654-4e6f-8348-d5370264cc4f: max filter ratio: 0
[2025-07-17 16:43:29 INFO] starload-31d4d09d-1654-4e6f-8348-d5370264cc4f: txt
[2025-07-17 16:43:29 INFO] starload-31d4d09d-1654-4e6f-8348-d5370264cc4f: the account password is loaded from the cache
[2025-07-17 16:43:29 INFO] starload-31d4d09d-1654-4e6f-8348-d5370264cc4f: analysis...
[2025-07-17 16:43:29 INFO] starload-31d4d09d-1654-4e6f-8348-d5370264cc4f: demo.starload_debug
[2025-07-17 16:43:29 INFO] starload-31d4d09d-1654-4e6f-8348-d5370264cc4f: 33.1285ms
[2025-07-17 16:43:29 ERROR] starload-31d4d09d-1654-4e6f-8348-d5370264cc4f: Put "http://10.128.8.123:8040/api/demo/starload_debug/_stream_load": readfrom tcp 10.14.5.198:50461->10.128.8.123:8040: write tcp 10.14.5.198:50461->10.128.8.123:8040: wsasend: An existing connection was forcibly closed by the remote host.
[2025-07-17 16:43:29 INFO] starload-31d4d09d-1654-4e6f-8348-d5370264cc4f: Total Time 141.5496ms
[2025-07-17 16:43:30 ERROR] Put "http://10.128.8.123:8040/api/demo/starload_debug/_stream_load": readfrom tcp 10.14.5.198:50461->10.128.8.123:8040: write tcp 10.14.5.198:50461->10.128.8.123:8040: wsasend: An existing connection was forcibly closed by the remote host.
[2025-07-17 16:43:30 INFO] starload-31d4d09d-1654-4e6f-8348-d5370264cc4f: finished.
[2025-07-17 16:43:31 INFO] {"StatusCode":0,"StatusMessage":"success","code":0,"data":{},"msg":"success"}
[2025-07-17 16:43:39 INFO] starload-31d4d09d-1654-4e6f-8348-d5370264cc4f: txt
[2025-07-17 16:43:39 INFO] starload-31d4d09d-1654-4e6f-8348-d5370264cc4f: analysis...
[2025-07-17 16:43:39 INFO] C:/Users/c0l0f9l/Music/data.csv
[2025-07-17 16:43:39 INFO] starload-31d4d09d-1654-4e6f-8348-d5370264cc4f: loading...
[2025-07-17 16:43:39 INFO] starload-31d4d09d-1654-4e6f-8348-d5370264cc4f: max filter ratio: 0
[2025-07-17 16:43:39 INFO] starload-31d4d09d-1654-4e6f-8348-d5370264cc4f: demo.starload_debug
[2025-07-17 16:43:39 INFO] starload-31d4d09d-1654-4e6f-8348-d5370264cc4f: spacers: ,
[2025-07-17 16:43:39 INFO] starload-31d4d09d-1654-4e6f-8348-d5370264cc4f: 36.251ms
[2025-07-17 16:43:39 INFO] starload-31d4d09d-1654-4e6f-8348-d5370264cc4f: C:/Users/c0l0f9l/Music/data.csv
[2025-07-17 16:43:39 INFO] starload-31d4d09d-1654-4e6f-8348-d5370264cc4f: the account password is loaded from the cache
[2025-07-17 16:43:39 INFO] starload-31d4d09d-1654-4e6f-8348-d5370264cc4f: textfile.
[2025-07-17 16:43:39 INFO] starload-31d4d09d-1654-4e6f-8348-d5370264cc4f: {"Name":"data.csv","Size":61771736,"ModTime":"2025-07-14 15:34:45","Model":"text/plain; charset=utf-8","Count":499774}
[2025-07-17 16:43:39 ERROR] starload-31d4d09d-1654-4e6f-8348-d5370264cc4f: {
    "TxnId": -1,
    "Label": "starload-31d4d09d-1654-4e6f-8348-d5370264cc4f",
    "Status": "Fail",
    "Message": "STREAM_LOAD_TASK:1572994707, label{starload-31d4d09d-1654-4e6f-8348-d5370264cc4f}, error_msg{cancel stream task for exception: Label [starload-31d4d09d-1654-4e6f-8348-d5370264cc4f] has already been used.}",
    "NumberTotalRows": 0,
    "NumberLoadedRows": 0,
    "NumberFilteredRows": 0,
    "NumberUnselectedRows": 0,
    "LoadBytes": 0,
    "LoadTimeMs": 0,
    "BeginTxnTimeMs": 0,
    "StreamLoadPlanTimeMs": 0,
    "ReadDataTimeMs": 0,
    "WriteDataTimeMs": 0,
    "CommitAndPublishTimeMs": 0
}
[2025-07-17 16:43:39 INFO] starload-31d4d09d-1654-4e6f-8348-d5370264cc4f: Total Time 130.4573ms
[2025-07-17 16:43:39 ERROR] starload-31d4d09d-1654-4e6f-8348-d5370264cc4f: http://sr-adhoc.cn.wal-mart.com:8030/api/demo/starload_debug/_stream_load
[2025-07-17 16:43:39 ERROR] starload-31d4d09d-1654-4e6f-8348-d5370264cc4f: 导入失败.
[2025-07-17 16:43:40 INFO] {"StatusCode":0,"StatusMessage":"success","code":0,"data":{},"msg":"success"}
[2025-07-17 16:43:40 INFO] starload-31d4d09d-1654-4e6f-8348-d5370264cc4f: finished.
[2025-07-17 16:43:40 ERROR] load failed starload-31d4d09d-1654-4e6f-8348-d5370264cc4f STREAM_LOAD_TASK:1572994707, label{starload-31d4d09d-1654-4e6f-8348-d5370264cc4f}, error_msg{cancel stream task for exception: Label [starload-31d4d09d-1654-4e6f-8348-d5370264cc4f] has already been used.}
[2025-07-17 17:00:04 INFO] load environment:[StarRocks(Tencent Cloud) SR-ADHOC]
[2025-07-17 17:00:04 INFO] ready.
[2025-07-17 17:02:57 INFO] load environment:[StarRocks(Tencent Cloud) SR-ADHOC]
[2025-07-17 17:02:57 INFO] ready.
[2025-07-17 17:05:36 INFO] load environment:[StarRocks(Tencent Cloud) SR-ADHOC]
[2025-07-17 17:05:36 INFO] ready.
[2025-07-17 17:08:59 INFO] load environment:[StarRocks(Tencent Cloud) SR-ADHOC]
[2025-07-17 17:08:59 INFO] ready.
[2025-07-17 17:11:21 INFO] load environment:[StarRocks(Tencent Cloud) SR-ADHOC]
[2025-07-17 17:11:21 INFO] ready.
[2025-07-17 17:16:29 INFO] load environment:[StarRocks(Tencent Cloud) SR-ADHOC]
[2025-07-17 17:16:29 INFO] ready.
[2025-07-17 17:18:14 INFO] load environment:[StarRocks(Tencent Cloud) SR-ADHOC]
[2025-07-17 17:18:14 INFO] ready.
[2025-07-17 17:18:40 INFO] load datafile:[C:/Users/c0l0f9l/Music/data.csv]
[2025-07-17 17:18:41 INFO] txt
[2025-07-17 17:18:41 INFO] preview top 10
[2025-07-17 17:18:41 INFO] 
98143234,980081759,5,14,86"LG4K电视D.       ,86UP8100PCB         ,1X1   ,1     ,A,20,0514,0289800817590,LG电视      
98143234,980081759,5,14,86"LG4K电视D.       ,86UP8100PCB         ,1X1   ,1     ,A,20,0514,0289800817590,LG电视      
98143234,980081759,5,14,86"LG4K电视D.       ,86UP8100PCB         ,1X1   ,1     ,A,20,0514,0289800817590,LG电视      
98143234,980081759,5,14,86"LG4K电视D.       ,86UP8100PCB         ,1X1   ,1     ,A,20,0514,0289800817590,LG电视      
98149676,980081780,23,22,TNF印花短袖1X       ,白L                 ,      ,      ,I,22,2322,0019490148583,短袖T恤     
98149676,980081780,23,22,TNF印花短袖1X       ,白L                 ,      ,      ,I,22,2322,0019490148583,短袖T恤     
98149676,980081780,23,22,TNF印花短袖1X       ,白L                 ,      ,      ,I,22,2322,0019490148583,短袖T恤     
98149676,980081780,23,22,TNF印花短袖1X       ,白L                 ,      ,      ,I,22,2322,0019490148583,短袖T恤     
98378785,980081887,22,24,RL儿童T恤1X         ,绿L                 ,4X7   ,28    ,D,22,2224,0088585493121,RL短袖      
98378785,980081887,22,24,RL儿童T恤1X         ,绿L                 ,4X7   ,28    ,D,22,2224,0088585493121,RL短袖      
[2025-07-17 17:18:42 INFO] txt
[2025-07-17 17:18:42 INFO] max filter ratio: 0
[2025-07-17 17:18:42 INFO] spacers: ,
[2025-07-17 17:18:51 INFO] login...
[2025-07-17 17:18:51 INFO] C:/Users/c0l0f9l/Music/data.csv
[2025-07-17 17:18:51 INFO] demo.starload_debug
[2025-07-17 17:18:51 INFO] analysis...
[2025-07-17 17:18:51 INFO] textfile.
[2025-07-17 17:18:51 INFO] 31.0876ms
[2025-07-17 17:18:51 INFO] C:/Users/c0l0f9l/Music/data.csv
[2025-07-17 17:18:51 INFO] demo.starload_debug
[2025-07-17 17:18:51 INFO] {"Name":"data.csv","Size":61771736,"ModTime":"2025-07-14 15:34:45","Model":"text/plain; charset=utf-8","Count":499774}
[2025-07-17 17:18:51 INFO] loading...
[2025-07-17 17:18:51 INFO] on going...
[2025-07-17 17:18:52 INFO] loading...
[2025-07-17 17:18:53 INFO] loading...
[2025-07-17 17:18:54 INFO] loading...
[2025-07-17 17:18:55 INFO] loading...
[2025-07-17 17:18:56 INFO] loading...
[2025-07-17 17:18:56 INFO] {
    "TxnId": 412223650,
    "Label": "starload-49b467d3-6b54-46ef-997e-f9b79f121498",
    "Status": "Success",
    "Message": "OK",
    "NumberTotalRows": 499778,
    "NumberLoadedRows": 499778,
    "NumberFilteredRows": 0,
    "NumberUnselectedRows": 0,
    "LoadBytes": 61771736,
    "LoadTimeMs": 5544,
    "BeginTxnTimeMs": 0,
    "StreamLoadPlanTimeMs": 1,
    "ReadDataTimeMs": 30,
    "WriteDataTimeMs": 5489,
    "CommitAndPublishTimeMs": 53
}
[2025-07-17 17:18:56 INFO] Total Time 5.667438s
[2025-07-17 17:18:56 INFO] http://sr-adhoc.cn.wal-mart.com:8030/api/demo/starload_debug/_stream_load
[2025-07-17 17:18:56 INFO] 导入成功.
[2025-07-17 17:18:57 INFO] finished.
[2025-07-17 17:18:57 INFO] {"StatusCode":0,"StatusMessage":"success","code":0,"data":{},"msg":"success"}
[2025-07-17 17:19:22 INFO] txt
[2025-07-17 17:19:22 INFO] C:/Users/c0l0f9l/Music/data.csv
[2025-07-17 17:19:22 INFO] demo.starload_debug
[2025-07-17 17:19:22 INFO] max filter ratio: 0
[2025-07-17 17:19:22 INFO] loading...
[2025-07-17 17:19:22 INFO] analysis...
[2025-07-17 17:19:22 INFO] the account password is loaded from the cache
[2025-07-17 17:19:22 INFO] textfile.
[2025-07-17 17:19:22 INFO] {"Name":"data.csv","Size":61771736,"ModTime":"2025-07-14 15:34:45","Model":"text/plain; charset=utf-8","Count":499774}
[2025-07-17 17:19:22 INFO] 28.6358ms
[2025-07-17 17:19:22 INFO] spacers: ,
[2025-07-17 17:19:22 INFO] C:/Users/c0l0f9l/Music/data.csv
[2025-07-17 17:19:23 INFO] loading...
[2025-07-17 17:19:24 INFO] loading...
[2025-07-17 17:19:25 INFO] loading...
[2025-07-17 17:19:26 INFO] loading...
[2025-07-17 17:19:27 INFO] loading...
[2025-07-17 17:19:28 ERROR] {
    "TxnId": 412223921,
    "Label": "starload-8556f3f5-c853-4e46-b742-589f5753fcdc",
    "Status": "Fail",
    "Message": "fail to execute commit task: No partitions have data available for loading. If you are sure there may be no data to be loaded, you can use `ADMIN SET FRONTEND CONFIG ('empty_load_as_error' = 'false')` to ensure such load jobs can succeed",
    "NumberTotalRows": 0,
    "NumberLoadedRows": 0,
    "NumberFilteredRows": 0,
    "NumberUnselectedRows": 0,
    "LoadBytes": 61771736,
    "LoadTimeMs": 5414,
    "BeginTxnTimeMs": 0,
    "StreamLoadPlanTimeMs": 1,
    "ReadDataTimeMs": 64,
    "WriteDataTimeMs": 5412,
    "CommitAndPublishTimeMs": 0
}
[2025-07-17 17:19:28 INFO] Total Time 5.5189809s
[2025-07-17 17:19:28 ERROR] 导入失败.
[2025-07-17 17:19:28 ERROR] http://sr-adhoc.cn.wal-mart.com:8030/api/demo/starload_debug/_stream_load
[2025-07-17 17:19:28 ERROR] load failed starload-8556f3f5-c853-4e46-b742-589f5753fcdc fail to execute commit task: No partitions have data available for loading. If you are sure there may be no data to be loaded, you can use `ADMIN SET FRONTEND CONFIG ('empty_load_as_error' = 'false')` to ensure such load jobs can succeed
[2025-07-17 17:19:28 INFO] finished.
[2025-07-17 17:19:28 INFO] {"StatusCode":0,"StatusMessage":"success","code":0,"data":{},"msg":"success"}
[2025-07-17 17:20:54 INFO] spacers: ,
[2025-07-17 17:20:54 INFO] {"Name":"data.csv","Size":61771736,"ModTime":"2025-07-14 15:34:45","Model":"text/plain; charset=utf-8","Count":499774}
[2025-07-17 17:20:54 INFO] C:/Users/c0l0f9l/Music/data.csv
[2025-07-17 17:20:54 INFO] 25.5416ms
[2025-07-17 17:20:54 INFO] max filter ratio: 0
[2025-07-17 17:20:54 INFO] textfile.
[2025-07-17 17:20:54 INFO] C:/Users/c0l0f9l/Music/data.csv
[2025-07-17 17:20:54 INFO] the account password is loaded from the cache
[2025-07-17 17:20:54 INFO] demo.starload_debug
[2025-07-17 17:20:54 INFO] analysis...
[2025-07-17 17:20:54 INFO] txt
[2025-07-17 17:20:54 INFO] loading...
[2025-07-17 17:20:55 INFO] loading...
[2025-07-17 17:20:56 INFO] loading...
[2025-07-17 17:20:57 INFO] loading...
[2025-07-17 17:20:58 INFO] loading...
[2025-07-17 17:20:59 INFO] loading...
[2025-07-17 17:20:59 INFO] http://sr-adhoc.cn.wal-mart.com:8030/api/demo/starload_debug/_stream_load
[2025-07-17 17:20:59 INFO] 导入成功.
[2025-07-17 17:20:59 INFO] {
    "TxnId": 412224198,
    "Label": "starload-25b3227a-7d3a-41a8-ab3b-d8193a453f9e",
    "Status": "Success",
    "Message": "OK",
    "NumberTotalRows": 399778,
    "NumberLoadedRows": 399778,
    "NumberFilteredRows": 0,
    "NumberUnselectedRows": 0,
    "LoadBytes": 61771736,
    "LoadTimeMs": 5342,
    "BeginTxnTimeMs": 1,
    "StreamLoadPlanTimeMs": 1,
    "ReadDataTimeMs": 19,
    "WriteDataTimeMs": 5319,
    "CommitAndPublishTimeMs": 19
}
[2025-07-17 17:20:59 INFO] Total Time 5.4315893s
[2025-07-17 17:21:00 INFO] finished.
[2025-07-17 17:21:00 INFO] {"StatusCode":0,"StatusMessage":"success","code":0,"data":{},"msg":"success"}
[2025-07-17 17:25:36 INFO] load environment:[StarRocks(Tencent Cloud) SR-ADHOC]
[2025-07-17 17:25:36 INFO] ready.
[2025-07-17 17:26:09 INFO] load datafile:[C:/Users/c0l0f9l/Music/1.json]
[2025-07-17 17:26:10 INFO] preview top 10
[2025-07-17 17:26:10 INFO] unknown
[2025-07-17 17:26:10 INFO] 
[
    {"category":"C++","author":"avc","title":"C++ primer","price":89.5},
    {"category":"Java","author":"avc","title":"Effective Java","price":95},
    {"category":"Linux","author":"avc","title":"Linux kernel","price":195}
]

[2025-07-18 14:44:11 INFO] ready.
[2025-07-18 14:44:11 INFO] load environment:[StarRocks(Tencent Cloud) SR-ADHOC]
[2025-07-18 14:47:26 INFO] load environment:[StarRocks(Tencent Cloud) SR-ADHOC]
[2025-07-18 14:47:26 INFO] ready.
[2025-07-22 15:11:46 INFO] ready.
[2025-07-22 15:11:46 INFO] load environment:[StarRocks(Tencent Cloud) SR-ADHOC]
[2025-07-23 16:32:49 INFO] load environment:[StarRocks(Tencent Cloud) SR-ADHOC]
[2025-07-23 16:32:49 INFO] ready.
[2025-07-23 16:51:31 INFO] ready.
[2025-07-23 16:51:31 INFO] load environment:[StarRocks(Tencent Cloud) SR-ADHOC]
[2025-07-23 16:51:42 INFO] load environment:[StarRocks(Tencent Cloud) SR-ADHOC]
[2025-07-23 16:51:42 INFO] ready.
[2025-07-23 16:51:43 WARN] please select a datafile
[2025-07-23 16:51:43 WARN] please select a datafile
[2025-07-23 16:51:44 WARN] please select a datafile
[2025-07-23 16:51:44 WARN] please select a datafile
[2025-07-23 16:51:52 INFO] load environment:[StarRocks(Tencent Cloud) SR-QA]
[2025-07-23 16:51:53 INFO] load environment:[StarRocks(Tencent Cloud) SR-ADHOC]
